Taxa	clade
EPI_ISL_1392893|B/Niger/7737/2020|2020-02-04	3a
EPI_ISL_1392894|B/Niger/7722/2020|2020-01-31	3a
EPI_ISL_1392895|B/Niger/7664/2020|2020-01-17	3a
EPI_ISL_1392898|B/Niger/7633/2020|2020-01-16	3a
EPI_ISL_1392899|B/Niger/7820/2020|2020-02-20	3a
EPI_ISL_389246|B/Oman/4241/2019|2019-06-23	3a
EPI_ISL_389986|B/Bangladesh/1006/2019|2019-06-15	3a
EPI_ISL_391068|B/Stockholm/3/2019|2019-07-15	3a
EPI_ISL_391070|B/Stockholm/4/2019|2019-08-19	3a
EPI_ISL_391333|B/Bangladesh/4026/2019|2019-06-20	3a
EPI_ISL_397136|B/Bangladesh/341/2019|2019-07-02	3a
EPI_ISL_397144|B/Bangladesh/434/2019|2019-08-18	3a
EPI_ISL_397324|B/Qatar/10-VI-19-0045830/2019|2019-08-04	3a
EPI_ISL_397326|B/Qatar/10-VI-19-0048096/2019|2019-08-20	3a
EPI_ISL_397327|B/Qatar/10-VI-19-0049104/2019|2019-08-26	3a
EPI_ISL_398471|B/Bangladesh/1733/2019|2019-08-19	3a
EPI_ISL_398472|B/Bangladesh/1736/2019|2019-08-25	3a
EPI_ISL_401049|B/Bangladesh/511/2019|2019-10-20	3a
EPI_ISL_401051|B/Bangladesh/8008/2019|2019-10-09	3a
EPI_ISL_401052|B/Bangladesh/4024/2019|2019-09-22	3a
EPI_ISL_401053|B/Bangladesh/1017/2019|2019-08-27	3a
EPI_ISL_401054|B/Bangladesh/1771/2019|2019-10-12	3a
EPI_ISL_401056|B/Bangladesh/525/2019|2019-10-09	3a
EPI_ISL_401279|B/Bangladesh/1121/2019|2019-10-05	3a
EPI_ISL_401289|B/Bangladesh/524/2019|2019-10-09	3a
EPI_ISL_401291|B/Bangladesh/4004/2019|2019-10-24	3a
EPI_ISL_401728|B/Mauritius/I-1862/2019|2019	3a
EPI_ISL_401853|B/Victoria/2110/2019|2019-11-29	3a
EPI_ISL_401854|B/Victoria/2113/2019|2019-11-15	3a
EPI_ISL_402290|B/Zhejiang-Haishu/11866/2019|2019-10-29	3a
EPI_ISL_402322|B/Shanghai-Huangpu/1675/2019|2019-09-02	3a
EPI_ISL_402644|B/Philippines/1472/2019|2019-10-28	3a
EPI_ISL_402680|B/Bangladesh/3191003002/2019|2019-10-03	3a
EPI_ISL_406090|B/Qatar/13-VI-19-0063573/2019|2019-10-20	3a
EPI_ISL_406092|B/Qatar/24-VI-19-0057088/2019|2019-09-29	3a
EPI_ISL_406093|B/Qatar/47-VI-19-0062540/2019|2019-10-17	3a
EPI_ISL_408545|B/SAPPORO/7/2019|2019-11-28	3a
EPI_ISL_415910|B/Moscow/29/2019|2019-12-12	3a
EPI_ISL_416964|B/Kuwait/4877/2019|2019-09-30	3a
EPI_ISL_510010|B/Philippines/4/2020|2020-01-20	3a
EPI_ISL_584092|B/Bangladesh/522/2020|2020-01-09	3a
EPI_ISL_593783|B/Nepal/20FL0516/2020|2020-02-25	3a
EPI_ISL_593784|B/Nepal/20FL0829/2020|2020-03-13	3a
EPI_ISL_639719|B/Bhutan/1177/2020|2020-02-18	3a
EPI_ISL_639722|B/Bhutan/1132/2020|2020-03-11	3a
EPI_ISL_639724|B/Bhutan/862/2020|2020-02-14	3a
EPI_ISL_767023|B/Mali/20051/2020|2020-03-11	3a
EPI_ISL_192616|B/Indiana/25/2015|2015-04-27	V1A
EPI_ISL_194561|B/Brisbane/46/2015|2015-04-28	V1A
EPI_ISL_203272|B/Florida/78/2015|2015-11-09	V1A
EPI_ISL_207644|B/Ireland/3154/2016|2016-01-14	V1A
EPI_ISL_208362|B/Nordrhein-Westfalen/1/2016|2016-01-04	V1A
EPI_ISL_213683|B/Singapore/TT1243/2015|2015-09-04	V1A
EPI_ISL_222811|B/Brisbane/312/2015|2015-11-27	V1A
EPI_ISL_227610|B/Townsville/8/2016|2016-04-16	V1A
EPI_ISL_232271|B/Wisconsin/44/2016|2016-06-03	V1A
EPI_ISL_232335|B/St_Petersburg/293/2016|2016-04-20	V1A
EPI_ISL_232505|B/Vologda/CRIE-323/2016|2016-06-09	V1A
EPI_ISL_243867|B/Maryland/15/2016|2016-12-27	V1A
EPI_ISL_247745|B/KANAGAWA/AC1623/2017|2017-01-17	V1A
EPI_ISL_257968|B/Louisiana/10/2017|2017-03-06	V1A
EPI_ISL_263978|B/Norway/2409/2017|2017-04-27	V1A
EPI_ISL_268468|B/Bangladesh/3004/2017|2017-04-11	V1A
EPI_ISL_2695887|B/Hunan-Wuling/11182/2021|2021-04-02	V1A
EPI_ISL_2695896|B/Zhejiang-Yongkang/1274/2021|2021-03-15	V1A
EPI_ISL_2695919|B/Zhejiang-Yiwu/1226/2021|2021-03-08	V1A
EPI_ISL_2695938|B/Zhejiang-Wuxin/1211/2021|2021-03-01	V1A
EPI_ISL_2696008|B/Hunan-Kaifu/1276/2021|2021-04-05	V1A
EPI_ISL_2696125|B/Zhejiang-Yiwu/1104/2021|2021-02-01	V1A
EPI_ISL_2696126|B/Zhejiang-Yiwu/1101/2021|2021-02-01	V1A
EPI_ISL_273902|B/Hong_Kong/286/2017|2017-06-06	V1A
EPI_ISL_282041|B/Kazakhstan/128/2017|2017-01-12	V1A
EPI_ISL_288968|B/Colorado/6/2017|2017-02-25	V1A
EPI_ISL_292772|B/Chongqing-Banan/1840/2017|2017-11-14	V1A
EPI_ISL_305414|B/NAGASAKI/635/2018|2018-01-12	V1A
EPI_ISL_316139|B/KAGAWA/18162/2018|2018-02-28	V1A
EPI_ISL_344383|B/Shanxi-Xinghualing/1115/2019|2019-01-14	V1A
EPI_ISL_344384|B/Shanxi-Xinghualing/1114/2019|2019-01-14	V1A
EPI_ISL_344385|B/Shanxi-Xinghualing/1112/2019|2019-01-14	V1A
EPI_ISL_344386|B/Shanxi-Xinghualing/1110/2019|2019-01-14	V1A
EPI_ISL_344387|B/Shanxi-Xinghualing/1109/2019|2019-01-14	V1A
EPI_ISL_344388|B/Shanxi-Xinghualing/1104/2019|2019-01-14	V1A
EPI_ISL_344389|B/Shanxi-Xinghualing/1100/2019|2019-01-14	V1A
EPI_ISL_344390|B/Shanxi-Chengqu/198/2019|2019-01-16	V1A
EPI_ISL_344391|B/Henan-Hualong/131/2019|2019-01-07	V1A
EPI_ISL_344392|B/Anhui-Guichi/181/2019|2019-01-11	V1A
EPI_ISL_344393|B/Anhui-Guichi/175/2019|2019-01-11	V1A
EPI_ISL_344394|B/Anhui-Guichi/169/2019|2019-01-11	V1A
EPI_ISL_344398|B/Jiangxi-Donghu/315/2019|2019-01-09	V1A
EPI_ISL_344402|B/Shanxi-Xinghualing/1116/2019|2019-01-14	V1A
EPI_ISL_344403|B/Shanxi-Xinghualing/124/2019|2019-01-02	V1A
EPI_ISL_344404|B/Shanxi-Xinghualing/17/2019|2019-01-01	V1A
EPI_ISL_355684|B/Louisiana/16/2019|2019-03-26	V1A
EPI_ISL_356340|B/Maine/10/2019|2019-04-08	V1A
EPI_ISL_364286|B/Mozambique/203/2019|2019-03-16	V1A
EPI_ISL_365164|B/Victoria/905/2019|2019-04-01	V1A
EPI_ISL_367005|B/Shanxi-Chengqu/1562/2019|2019-04-15	V1A
EPI_ISL_367016|B/Anhui-Qiaocheng/1506/2019|2019-04-17	V1A
EPI_ISL_367072|B/Neimenggu-Donghe/1313/2019|2019-04-09	V1A
EPI_ISL_367073|B/Fujian-Siming/1284/2019|2019-04-08	V1A
EPI_ISL_367074|B/Shaanxi-Beilin/1248/2019|2019-03-26	V1A
EPI_ISL_367129|B/Shanxi-Xinfu/1146/2019|2019-02-11	V1A
EPI_ISL_367132|B/Henan-Xiangcheng/1193/2019|2019-03-05	V1A
EPI_ISL_367145|B/Beijing-Huairou/1373/2019|2019-02-26	V1A
EPI_ISL_367154|B/Neimenggu-Donghe/1229/2019|2019-03-06	V1A
EPI_ISL_367170|B/Jiangxi-Yushui/385/2019|2019-03-04	V1A
EPI_ISL_367171|B/Henan-Weidong/1153/2019|2019-02-20	V1A
EPI_ISL_367173|B/Fujian-Tongan/1133/2019|2019-02-18	V1A
EPI_ISL_367176|B/Anhui-Baohe/1116/2019|2019-02-05	V1A
EPI_ISL_367177|B/Shanxi-Xinghualing/1365/2019|2019-02-03	V1A
EPI_ISL_367178|B/Jiangxi-Donghu/1358/2019|2019-02-13	V1A
EPI_ISL_367195|B/Hunan-Lusong/1201/2019|2019-03-04	V1A
EPI_ISL_367198|B/Zhejiang-Wuxin/1221/2019|2019-03-06	V1A
EPI_ISL_367204|B/Fujian-Tongan/1181/2019|2019-03-05	V1A
EPI_ISL_367338|B/Zhejiang-Wuxin/1431/2019|2019-05-20	V1A
EPI_ISL_367398|B/Sichuan-Jiangyang/1328/2019|2019-02-21	V1A
EPI_ISL_367399|B/Guizhou-Zhenyuan/33/2019|2019-03-13	V1A
EPI_ISL_367400|B/Jiangxi-Zhushan/1193/2019|2019-03-10	V1A
EPI_ISL_367401|B/Heilongjiang-Aihui/1264/2019|2019-03-07	V1A
EPI_ISL_367403|B/Jiangxi-Donghu/1548/2019|2019-03-13	V1A
EPI_ISL_367404|B/Shanxi-Xinghualing/1661/2019|2019-04-01	V1A
EPI_ISL_367405|B/Yunnan-Anning/1293/2019|2019-04-22	V1A
EPI_ISL_367406|B/Shanxi-Lishi/1294/2019|2019-04-01	V1A
EPI_ISL_367407|B/Shanghai-Jiading/1313/2019|2019-04-16	V1A
EPI_ISL_367408|B/Hunan-Xiangtan/1519/2019|2019-04-29	V1A
EPI_ISL_367409|B/Fujian-Xiangcheng/366/2019|2019-04-22	V1A
EPI_ISL_367411|B/Guizhou-Kaili/1346/2019|2019-04-22	V1A
EPI_ISL_367415|B/Hubei-Huangshigang/1420/2019|2019-04-18	V1A
EPI_ISL_367418|B/Jiangxi-Zhushan/1318/2019|2019-04-22	V1A
EPI_ISL_367420|B/Jiangxi-Xunyang/1406/2019|2019-04-22	V1A
EPI_ISL_367421|B/Neimenggu-Donghe/1260/2019|2019-03-11	V1A
EPI_ISL_368237|B/Louisiana/22/2019|2019-06-25	V1A
EPI_ISL_368239|B/Florida/32/2019|2019-06-13	V1A
EPI_ISL_372956|B/Sao_Paulo/1211465-IAL/2019|2019-07-07	V1A
EPI_ISL_377033|B/Guizhou-Bijiang/1516/2019|2019-06-20	V1A
EPI_ISL_377205|B/Antananarivo/3649/2019|2019-06-17	V1A
EPI_ISL_377206|B/Antananarivo/3688/2019|2019-06-17	V1A
EPI_ISL_377208|B/Antananarivo/3780/2019|2019-06-24	V1A
EPI_ISL_378141|B/Norway/2115/2019|2019-06-12	V1A
EPI_ISL_389021|B/Victoria/25/2019|2019-08-01	V1A
EPI_ISL_389234|B/Antananarivo/3593/2019|2019-06-12	V1A
EPI_ISL_389238|B/Antananarivo/3745/2019|2019-06-19	V1A
EPI_ISL_389239|B/Antananarivo/3779/2019|2019-06-24	V1A
EPI_ISL_389355|B/Perth/1036/2019|2019-06-25	V1A
EPI_ISL_389987|B/Talca/63221/2019|2019-07-04	V1A
EPI_ISL_389988|B/Santiago/62161/2019|2019-07-09	V1A
EPI_ISL_390645|B/Hubei-Shashi/8275/2019|2019-06-15	V1A
EPI_ISL_390646|B/Sichuan-Tongchuan/1516/2019|2019-07-09	V1A
EPI_ISL_390647|B/Guangdong-Yuancheng/1511/2019|2019-06-25	V1A
EPI_ISL_390649|B/Guangdong-Zhongshan/1558/2019|2019-06-18	V1A
EPI_ISL_390650|B/Hunan-Suxian/1588/2019|2019-06-14	V1A
EPI_ISL_390651|B/Hunan-Hecheng/1745/2019|2019-06-17	V1A
EPI_ISL_390708|B/Yunnan-Linxiang/1554/2019|2019-06-25	V1A
EPI_ISL_390747|B/Perth/1031/2019|2019-06-20	V1A
EPI_ISL_391334|B/Bangladesh/4014/2019|2019-06-26	V1A
EPI_ISL_391336|B/Costa_Rica/8858/2019|2019-07-10	V1A
EPI_ISL_393625|B/Sao_Paulo/1190756-IAL/2019|2019-06-12	V1A
EPI_ISL_393626|B/Cotia/1188939-IAL/2019|2019-06-11	V1A
EPI_ISL_393628|B/Araras/1214818-IAL/2019|2019-07-02	V1A
EPI_ISL_393629|B/Marilia/1216668-IAL/2019|2019-07-05	V1A
EPI_ISL_393631|B/Sorocaba/869778-IAL/2019|2019-06-25	V1A
EPI_ISL_393646|B/Florida/51/2019|2019-09-11	V1A
EPI_ISL_393664|B/Florida/41/2019|2019-08-21	V1A
EPI_ISL_395051|B/Lyon/1861/2019|2019-10-04	V1A
EPI_ISL_395299|B/Bolivia/1133/2019|2019-06-11	V1A
EPI_ISL_395302|B/Bolivia/1256/2019|2019-06-27	V1A
EPI_ISL_395518|B/Santa_Catarina/709/2019|2019-07-08	V1A
EPI_ISL_397157|B/Guatemala/9559/2019|2019-06-25	V1A
EPI_ISL_398468|B/Rio_Grande_Do_Sul/844/2019|2019-07-23	V1A
EPI_ISL_398512|B/Louisiana/31/2019|2019-10-29	V1A
EPI_ISL_398925|B/Florida/66/2019|2019-10-30	V1A
EPI_ISL_402191|B/Zhejiang-Nanxun/1917/2019|2019-11-12	V1A
EPI_ISL_402192|B/Zhejiang-Yuecheng/11207/2019|2019-11-06	V1A
EPI_ISL_402195|B/Zhejiang-Linhai/11097/2019|2019-11-17	V1A
EPI_ISL_402231|B/Sichuan-Shunqing/1725/2019|2019-10-14	V1A
EPI_ISL_402253|B/Shanghai-Baoshan/345/2019|2019-12-03	V1A
EPI_ISL_402285|B/Zhejiang-Yuecheng/11151/2019|2019-10-16	V1A
EPI_ISL_402286|B/Zhejiang-Yongkang/1872/2019|2019-10-29	V1A
EPI_ISL_402338|B/Hainan-Meilan/1373/2019|2019-05-05	V1A
EPI_ISL_402339|B/Anhui-Xiangshan/1526/2019|2019-06-04	V1A
EPI_ISL_402340|B/Zhejiang-Shangcheng/1582/2019|2019-07-11	V1A
EPI_ISL_402341|B/Guangxi-Xiangshan/11134/2019|2019-07-03	V1A
EPI_ISL_402603|B/Argentina/2880/2019|2019-11-15	V1A
EPI_ISL_402614|B/Argentina/2802/2019|2019-11-11	V1A
EPI_ISL_402707|B/Chile/5752/2019|2019-10-21	V1A
EPI_ISL_402968|B/Ribeirao_Preto/19246327-IAL/2019|2019-09-30	V1A
EPI_ISL_403478|B/Concepcion/65396/2019|2019-07-10	V1A
EPI_ISL_403479|B/Santiago/57035/2019|2019-06-17	V1A
EPI_ISL_403480|B/Santiago/58113/2019|2019-06-22	V1A
EPI_ISL_403481|B/Santiago/59293/2019|2019-06-18	V1A
EPI_ISL_403482|B/Vina_Del_Mar/67129/2019|2019-06-16	V1A
EPI_ISL_403484|B/Puerto_Montt/85843/2019|2019-09-11	V1A
EPI_ISL_403504|B/Arica/82855/2019|2019-08-09	V1A
EPI_ISL_404110|B/Townsville/13/2019|2019-11-03	V1A
EPI_ISL_404894|B/Washington/28/2019|2019-12-16	V1A
EPI_ISL_404944|B/Chile/8427/2019|2019-11-13	V1A
EPI_ISL_406842|B/Canterbury/14/2019|2019-07-10	V1A
EPI_ISL_407287|B/Indonesia/SMG0486/2019|2019	V1A
EPI_ISL_407290|B/Indonesia/BJM0956/2019|2019	V1A
EPI_ISL_409238|B/Georgia/19/2019|2019-10-28	V1A
EPI_ISL_409270|B/Colombia/7372/2019|2019-12-12	V1A
EPI_ISL_409520|B/Colombia/7468/2019|2019-12-19	V1A
EPI_ISL_409604|B/Paraguay/4892/2019|2019-12-09	V1A
EPI_ISL_409612|B/Texas/152/2019|2019-12-24	V1A
EPI_ISL_409619|B/Paraguay/8532/2019|2019-11-14	V1A
EPI_ISL_409642|B/Paraguay/5474/2019|2019-12-12	V1A
EPI_ISL_409645|B/Paraguay/1771/2019|2019-11-28	V1A
EPI_ISL_409652|B/Paraguay/1473/2019|2019-11-26	V1A
EPI_ISL_410115|B/Paraiba/158174-IEC/2019|2019-07-02	V1A
EPI_ISL_410117|B/Amazonas/158409-IEC/2019|2019-07-10	V1A
EPI_ISL_410118|B/Pernambuco/158848-IEC/2019|2019-08-27	V1A
EPI_ISL_410119|B/Pernambuco/158846-IEC/2019|2019-08-16	V1A
EPI_ISL_410120|B/Acre/159870-IEC/2019|2019-12-05	V1A
EPI_ISL_410123|B/Acre/159666-IEC/2019|2019-12-02	V1A
EPI_ISL_410552|B/Zhejiang-Wuyi/335/2019|2019-12-10	V1A
EPI_ISL_410554|B/Zhejiang-Yongkang/11004/2019|2019-12-14	V1A
EPI_ISL_410575|B/Hubei-Enshi/1981/2019|2019-12-03	V1A
EPI_ISL_410576|B/Zhejiang-Lanxi/320/2019|2019-12-18	V1A
EPI_ISL_410639|B/Zhejiang-Yiwu/1976/2019|2019-12-09	V1A
EPI_ISL_410640|B/Zhejiang-Wuxin/11013/2019|2019-12-04	V1A
EPI_ISL_410645|B/Jiangsu-Qinhuai/1953/2019|2019-11-27	V1A
EPI_ISL_410646|B/Jiangxi-Xinzhou/1949/2019|2019-11-25	V1A
EPI_ISL_412917|B/Santiago/76009/2019|2019-08-22	V1A
EPI_ISL_412919|B/Santiago/76566/2019|2019-08-23	V1A
EPI_ISL_412926|B/Vina_Del_Mar/79888/2019|2019-08-23	V1A
EPI_ISL_412927|B/Iquique/80174/2019|2019-08-21	V1A
EPI_ISL_412938|B/Santiago/84177/2019|2019-09-19	V1A
EPI_ISL_412951|B/Puerto_Montt/95747/2019|2019-10-23	V1A
EPI_ISL_412954|B/Santiago/86128/2019|2019-09-26	V1A
EPI_ISL_413405|B/Zhejiang-Jiaojiang/11018/2019|2019-11-17	V1A
EPI_ISL_413811|B/Madagascar/4379/2019|2019-07-18	V1A
EPI_ISL_413813|B/Madagascar/4789/2019|2019-08-14	V1A
EPI_ISL_413815|B/Madagascar/4223/2019|2019-07-15	V1A
EPI_ISL_416091|B/La_Reunion/2152/2019|2019-09-13	V1A
EPI_ISL_416978|B/Rio_De_Janeiro/1152/2019|2019-12-16	V1A
EPI_ISL_416988|B/Rio_Grande_Do_Sul/1044/2019|2019-08-17	V1A
EPI_ISL_421043|B/Suriname/1027/2019|2019-10-31	V1A
EPI_ISL_421074|B/Bolivia/1919/2019|2019-10-08	V1A
EPI_ISL_421075|B/Bolivia/1940/2019|2019-10-14	V1A
EPI_ISL_424780|B/Bolivia/1966/2019|2019-10-18	V1A
EPI_ISL_424785|B/Bolivia/1960/2019|2019-10-17	V1A
EPI_ISL_424831|B/Bolivia/1974/2019|2019-10-18	V1A
EPI_ISL_451956|B/Townsville/15/2019|2019-11-11	V1A
EPI_ISL_482929|B/Argentina/100/2020|2020-03-18	V1A
EPI_ISL_485404|B/Yunnan-Hongta/1614/2020|2020-03-27	V1A
EPI_ISL_485427|B/Jiangsu-Chongchuan/12290/2020|2020-02-04	V1A
EPI_ISL_485430|B/Yunnan-Gucheng/135/2020|2020-01-08	V1A
EPI_ISL_485434|B/Jiangsu-Chongchuan/12292/2020|2020-02-04	V1A
EPI_ISL_485435|B/Yunnan-Qilin/163/2020|2020-01-17	V1A
EPI_ISL_485441|B/Liaoning-Xinlongtai/1205/2020|2020-03-16	V1A
EPI_ISL_485443|B/Zhejiang-Yiwu/1168/2020|2020-03-03	V1A
EPI_ISL_487506|B/Guyane/336/2020|2020-03-02	V1A
EPI_ISL_487510|B/Guyane/354/2020|2020-03-04	V1A
EPI_ISL_517745|B/Brazil/4648/2020|2020-03-10	V1A
EPI_ISL_654692|B/Bolivia/417/2020|2020-03-05	V1A
EPI_ISL_7189194|B/Zhejiang-Yiwu/1865/2021|2021-08-31	V1A
EPI_ISL_9849584|B/Yunnan-Qilin/1962/2021|2021-11-03	V1A
EPI_ISL_486374|B/GUNMA/43/2020|2020-02-19	V1A.3
EPI_ISL_379140|B/Manitoba/RV2383/2019|2019-06-19	V1A.3
EPI_ISL_398637|B/Singapore/EN0525/2019|2019-07-09	V1A.3
EPI_ISL_639726|B/Bhutan/100/2020|2020-01-16	V1A.3
EPI_ISL_1296471|B/Vietnam/Vnhcm-Gs479/2019|2019-09-29	V1A.3
EPI_ISL_409613|B/Paraguay/1477/2019|2019-11-25	V1A.3
EPI_ISL_603131|B/AICHI/59/2020|2020-04-06	V1A.3
EPI_ISL_402147|B/Xinjiang-Yining/1613/2019|2019-12-02	V1A.3
EPI_ISL_644663|B/Sri_Lanka/25/2020|2020-02-12	V1A.3
EPI_ISL_499065|B/Talca/30403/2020|2020-03-19	V1A.3
EPI_ISL_367128|B/Guizhou-Pingba/35/2019|2019-03-11	V1A.3
EPI_ISL_485438|B/Guizhou-Xixiu/19/2020|2020-01-01	V1A.3
EPI_ISL_1392900|B/Niger/7625/2020|2020-01-13	V1A.3
EPI_ISL_390639|B/Jiangxi-Anyuan/1699/2019|2019-08-01	V1A.3
EPI_ISL_594241|B/Nigeria/4626/2020|2020-02-25	V1A.3
EPI_ISL_980815|B/Yunnan-Qilin/1130/2020|2020-03-11	V1A.3
EPI_ISL_535494|B/IWATE/4/2020|2020-04-20	V1A.3
EPI_ISL_401738|B/Qatar/16-VI-19-0047470/2019|2019-08-18	V1A.3
EPI_ISL_416056|B/Cameroon/6127/2019|2019-08-09	V1A.3
EPI_ISL_398659|B/Singapore/KK1515/2019|2019-07-05	V1A.3
EPI_ISL_377044|B/Sichuan-Fucheng/1955/2019|2019-06-04	V1A.3
EPI_ISL_367135|B/Yunnan-Zhaoyang/1238/2019|2019-03-09	V1A.3
EPI_ISL_486631|B/Austria/1229377/2020|2020-03-02	V1A.3
EPI_ISL_393639|B/California/26/2019|2019-08-10	V1A.3
EPI_ISL_367155|B/Beijing-Haidian/1223/2019|2019-03-13	V1A.3
EPI_ISL_404858|B/Mexico/2698/2019|2019-09-23	V1A.3
EPI_ISL_402200|B/Hunan-Jiahe/327/2019|2019-11-29	V1A.3
EPI_ISL_419642|B/Malaysia/RP4275/2019|2019-11-24	V1A.3
EPI_ISL_390644|B/Guangdong-Yuancheng/1559/2019|2019-07-10	V1A.3
EPI_ISL_768546|B/Jiangsu-tinghu/11755/2020|2020-11-02	V1A.3
EPI_ISL_471652|B/Ontario/RV4022/2020|2020-03-17	V1A.3
EPI_ISL_391746|B/Singapore/MOH0108/2019|2019-06-14	V1A.3
EPI_ISL_959697|B/Saudi_Arabia/1112731862/2019|2019	V1A.3
EPI_ISL_498462|B/South_Africa/1920/2020|2020-02-18	V1A.3
EPI_ISL_367093|B/Neimenggu-Kundoulun/1331/2019|2019-05-13	V1A.3
EPI_ISL_367099|B/Guangdong-Qingcheng/1254/2019|2019-04-01	V1A.3
EPI_ISL_389984|B/Bangladesh/1190614010/2019|2019-06-11	V1A.3
EPI_ISL_487164|B/Luxembourg/LNS2168742/2020|2020-02-18	V1A.3
EPI_ISL_7189145|B/Sichuan-Shizhong/1916/2021|2021-09-27	V1A.3
EPI_ISL_402255|B/Zhejiang-Haishu/12027/2019|2019-11-26	V1A.3
EPI_ISL_402249|B/Guizhou-Xinyi/1956/2019|2019-11-27	V1A.3
EPI_ISL_410582|B/Hunan-Yuhu/114/2020|2020-01-02	V1A.3
EPI_ISL_393898|B/Oman/4357/2019|2019-07-04	V1A.3
EPI_ISL_337297|B/Sichuan-Gaoxin/53/2019|2019-01-02	V1A.3
EPI_ISL_389245|B/Oman/4229/2019|2019-06-22	V1A.3
EPI_ISL_476800|B/Victoria/28/2020|2020-03-10	V1A.3
EPI_ISL_401371|B/Alsace/2705/2019|2019-12-11	V1A.3
EPI_ISL_421068|B/Lebanon/12/2020|2020-01-29	V1A.3
EPI_ISL_389351|B/Sydney/8/2019|2019-06-13	V1A.3
EPI_ISL_401665|B/Porto/117/2019|2019-11-24	V1A.3
EPI_ISL_391310|B/Shanghai-Changning/1228/2019|2019-02-25	V1A.3
EPI_ISL_485505|B/Macao/609707/2019|2019-12-18	V1A.3
EPI_ISL_393820|B/Kenya/128/2019|2019-07-01	V1A.3
EPI_ISL_409582|B/Chiang_Rai/481/2019|2019-09-18	V1A.3
EPI_ISL_404686|B/India/4674/2019|2019-11-16	V1A.3
EPI_ISL_406053|B/Fes/94/2019|2019-11-07	V1A.3
EPI_ISL_390617|B/Hunan-Hecheng/1847/2019|2019-08-06	V1A.3
EPI_ISL_367097|B/Liaoning-Huanggu/1528/2019|2019-04-01	V1A.3
EPI_ISL_377045|B/Hunan-Heshan/1537/2019|2019-06-03	V1A.3
EPI_ISL_367140|B/Liaoning-Xigang/1374/2019|2019-03-04	V1A.3
EPI_ISL_415867|B/Afghanistan/1040/2019|2019-07-21	V1A.3
EPI_ISL_367340|B/Neimenggu-Kundoulun/1354/2019|2019-05-28	V1A.3
EPI_ISL_367089|B/Sichuan-Dongqu/1621/2019|2019-05-07	V1A.3
EPI_ISL_367417|B/Jiangxi-Jizhou/1373/2019|2019-05-07	V1A.3
EPI_ISL_397323|B/Norway/2286/2019|2019-09-27	V1A.3
EPI_ISL_390634|B/Fujian-Siming/1608/2019|2019-07-29	V1A.3
EPI_ISL_377031|B/Hubei-Songzi/1480/2019|2019-06-05	V1A.3
EPI_ISL_395019|B/Togo/951/2019|2019-08-07	V1A.3
EPI_ISL_398899|B/Bangladesh/458/2019|2019-07-01	V1A.3
EPI_ISL_485432|B/Sichuan-Anyue/11154/2019|2019-12-29	V1A.3
EPI_ISL_430305|B/Cambodia/FSS42224/2019|2019-09-22	V1A.3
EPI_ISL_367144|B/Yunnan-Zhaoyang/1213/2019|2019-03-05	V1A.3
EPI_ISL_402251|B/Shanghai-Huangpu/1935/2019|2019-12-05	V1A.3
EPI_ISL_402345|B/Guangxi-Jinchengjiang/13218/2019|2019-09-02	V1A.3
EPI_ISL_398924|B/Florida/63/2019|2019-10-08	V1A.3
EPI_ISL_424824|B/Taiwan/83701/2019|2019-12-03	V1A.3
EPI_ISL_402198|B/Guangdong-Huicheng/1943/2019|2019-11-21	V1A.3
EPI_ISL_413409|B/Kyiv/358/2019|2019-12-27	V1A.3
EPI_ISL_477267|B/Argentina/71/2020|2020-02-05	V1A.3
EPI_ISL_404931|B/India/4671/2019|2019-11-11	V1A.3
EPI_ISL_389345|B/New_Caledonia/8/2019|2019-06-15	V1A.3
EPI_ISL_402186|B/Shanghai-Jinshan/1885/2019|2019-10-29	V1A.3
EPI_ISL_491890|B/Bhutan/123/2019|2019-08-01	V1A.3
EPI_ISL_767034|B/Mali/20063/2020|2020-03-10	V1A.3
EPI_ISL_487509|B/Guyane/310/2020|2020-02-27	V1A.3
EPI_ISL_402234|B/Chongqing-Banan/321/2019|2019-11-06	V1A.3
EPI_ISL_410549|B/Guangxi-Xinning/11047/2019|2019-11-21	V1A.3
EPI_ISL_534117|B/Ganderbal/AG_449/2020|2020-01-16	V1A.3
EPI_ISL_415982|B/Texas/16/2020|2020-01-28	V1A.3
EPI_ISL_367482|B/KANAGAWA/AC1867/2019|2019-02-08	V1A.3
EPI_ISL_403261|B/Moscow/RII-499S/2019|2019-12-06	V1A.3
EPI_ISL_513929|B/AICHI/58/2020|2020-04-01	V1A.3
EPI_ISL_471651|B/Manitoba/RV2643/2020|2020-03-04	V1A.3
EPI_ISL_513930|B/OSAKA/31/2020|2020-04-03	V1A.3
EPI_ISL_367136|B/Guangdong-Yantian/34/2019|2019-03-01	V1A.3
EPI_ISL_2695905|B/Hunan-Jishou/1433/2021|2021-03-15	V1A.3
EPI_ISL_534109|B/Budgam/AG_122/2019|2019-11-21	V1A.3
EPI_ISL_367191|B/Hebei-Luquan/1179/2019|2019-03-05	V1A.3
EPI_ISL_522416|B/Fujian-Xinluo/1675/2020|2020-04-15	V1A.3
EPI_ISL_389945|B/Hong_Kong/742/2019|2019-07-16	V1A.3
EPI_ISL_402140|B/Chongqing-Yuzhong/12001/2019|2019-12-06	V1A.3
EPI_ISL_1296464|B/Vietnam/Vnhcm-Gs514/2019|2019-10-09	V1A.3
EPI_ISL_404005|B/Vladivostok/6/2019|2019-11-27	V1A.3
EPI_ISL_410195|B/Chiang_Rai/1387/2019|2019-12-13	V1A.3
EPI_ISL_430304|B/Sri_Lanka/30/2019|2019-12-26	V1A.3
EPI_ISL_3722735|B/Gansu-Wudou/1361/2021|2021-03-28	V1A.3
EPI_ISL_406084|B/Meknes/124/2019|2019-11-15	V1A.3
EPI_ISL_415167|B/KANAGAWA/AC1934/2020|2020-01-20	V1A.3
EPI_ISL_394159|B/YOKOHAMA/18/2019|2019-09-02	V1A.3
EPI_ISL_401943|B/Tasmania/512/2019|2019-09-10	V1A.3
EPI_ISL_390618|B/Jiangxi-Zhanggong/1663/2019|2019-08-05	V1A.3
EPI_ISL_534158|B/Pulwama/AG_178/2019|2019-12-05	V1A.3
EPI_ISL_485506|B/Macao/609541/2019|2019-12-13	V1A.3
EPI_ISL_416947|B/Moscow/19/2019|2019-12-02	V1A.3
EPI_ISL_471674|B/Krasnoyarsk/10/2020|2020-03-17	V1A.3
EPI_ISL_481368|B/Singapore/TT0476/2020|2020-01-29	V1A.3
EPI_ISL_426589|B/Sweden/14/2020|2020-01-27	V1A.3
EPI_ISL_7189198|B/Sichuan-Shizhong/1825/2021|2021-08-23	V1A.3
EPI_ISL_2696170|B/Zhejiang-Kecheng/1113/2021|2021-02-01	V1A.3
EPI_ISL_389166|B/Norway/2211/2019|2019-07-28	V1A.3
EPI_ISL_416990|B/Bahia/1009/2019|2019-09-11	V1A.3
EPI_ISL_959676|B/Hong_Kong/26/2020|2020-03-14	V1A.3
EPI_ISL_500494|B/SAPPORO/16/2020|2020-02-17	V1A.3
EPI_ISL_402246|B/Chongqing-Yuzhong/11842/2019|2019-11-18	V1A.3
EPI_ISL_397328|B/Mauritius/I-1940/2019|2019	V1A.3
EPI_ISL_381716|B/YOKOHAMA/16/2019|2019-06-15	V1A.3
EPI_ISL_389951|B/Hong_Kong/736/2019|2019-07-16	V1A.3
EPI_ISL_404101|B/Victoria/2091/2019|2019-10-24	V1A.3
EPI_ISL_534129|B/Kupwara/UG_28/2019|2019-12-02	V1A.3
EPI_ISL_367009|B/Neimenggu-Hongshan/1273/2019|2019-04-16	V1A.3
EPI_ISL_391340|B/India/1591/2019|2019-07-25	V1A.3
EPI_ISL_1296468|B/Vietnam/Vnhcm-Gs353/2019|2019-07-25	V1A.3
EPI_ISL_980816|B/Yunnan-Qilin/1133/2020|2020-03-11	V1A.3
EPI_ISL_377046|B/Shanghai-Huangpu/1571/2019|2019-06-26	V1A.3
EPI_ISL_528784|B/New_Caledonia/1/2020|2020-02-15	V1A.3
EPI_ISL_410193|B/Canberra/87/2019|2019-10-14	V1A.3
EPI_ISL_424821|B/Wisconsin/66/2020|2020-03-13	V1A.3
EPI_ISL_522415|B/Yunnan-Wenshan/1438/2020|2020-05-12	V1A.3
EPI_ISL_430306|B/Cambodia/D1031360/2019|2019-10-16	V1A.3
EPI_ISL_414410|B/YOKOHAMA/2/2020|2020-01-11	V1A.3
EPI_ISL_367187|B/Shandong-Decheng/1394/2019|2019-02-25	V1A.3
EPI_ISL_410585|B/Xinjiang-Tianshan/113/2020|2020-01-02	V1A.3
EPI_ISL_377030|B/Guangxi-Xinbin/1517/2019|2019-06-03	V1A.3
EPI_ISL_403045|B/New_York/16/2019|2019-12-10	V1A.3
EPI_ISL_451954|B/Perth/1/2020|2020-02-02	V1A.3
EPI_ISL_402142|B/Hubei-Xiantao/2405/2019|2019-12-04	V1A.3
EPI_ISL_959692|B/Hong_Kong/34/2020|2020-03-17	V1A.3
EPI_ISL_367088|B/Hebei-Jizhou/1308/2019|2019-05-07	V1A.3
EPI_ISL_377037|B/Zhejiang-Nanhu/1459/2019|2019-06-03	V1A.3
EPI_ISL_367201|B/Gansu-Chengguan/1485/2019|2019-03-18	V1A.3
EPI_ISL_403165|B/South_Korea/9959/2019|2019-10-04	V1A.3
EPI_ISL_401672|B/Salalah/5670/2019|2019-09-26	V1A.3
EPI_ISL_402284|B/Hunan-Yuhu/1838/2019|2019-10-16	V1A.3
EPI_ISL_1296474|B/Vietnam/Vnhcm-Gs395/2019|2019-08-15	V1A.3
EPI_ISL_415909|B/Afghanistan/2271/2019|2019-11-06	V1A.3
EPI_ISL_367419|B/Guangdong-Duanzhou/1420/2019|2019-05-07	V1A.3
EPI_ISL_7189197|B/Sichuan-Jiangyang/11853/2021|2021-08-23	V1A.3
EPI_ISL_486981|B/Norway/2340/2020|2020-03-26	V1A.3
EPI_ISL_594238|B/Nigeria/4372/2019|2019-12-17	V1A.3
EPI_ISL_391747|B/Singapore/MOH0111/2019|2019-06-14	V1A.3
EPI_ISL_480551|B/England/200580691/2020|2020-01-25	V1A.3
EPI_ISL_485510|B/Macao-/605544/2019|2019-07-16	V1A.3
EPI_ISL_393805|B/Togo/888/2019|2019-07-22	V1A.3
EPI_ISL_395001|B/Montana/15/2019|2019-09-16	V1A.3
EPI_ISL_402188|B/Xinjiang-Tianshan/11350/2019|2019-11-21	V1A.3
EPI_ISL_402245|B/Guangxi-Jinchengjiang/13428/2019|2019-11-05	V1A.3
EPI_ISL_402618|B/Alabama/11/2019|2019-11-27	V1A.3
EPI_ISL_672611|B/SAPPORO/11/2019|2019-12-24	V1A.3
EPI_ISL_402244|B/Guangxi-Xixiangtang/1901/2019|2019-10-22	V1A.3
EPI_ISL_390758|B/Victoria/35/2019|2019-08-28	V1A.3
EPI_ISL_389095|B/KANAGAWA/AC1887/2019|2019-06-24	V1A.3
EPI_ISL_391748|B/Singapore/MOH0112/2019|2019-06-14	V1A.3
EPI_ISL_415903|B/Congo/9738/2019|2019-12-11	V1A.3
EPI_ISL_430300|B/South_Australia/163/2019|2019-12-30	V1A.3
EPI_ISL_614325|B/Hubei-Echeng/11999/2019|2019-07-01	V1A.3
EPI_ISL_409838|B/Tunis/31/2019|2019-12-30	V1A.3
EPI_ISL_672612|B/NAGANO-C/30/2020|2020-03-05	V1A.3
EPI_ISL_408519|B/Philippines/31/2019|2019-10-25	V1A.3
EPI_ISL_9849522|B/Xinjiang-Tianshan/31/2021|2021-12-06	V1A.3
EPI_ISL_409647|B/Paraguay/1770/2019|2019-11-28	V1A.3
EPI_ISL_3722724|B/Gansu-Wudou/1312/2021|2021-03-15	V1A.3
EPI_ISL_404932|B/India/4728/2019|2019-09-17	V1A.3
EPI_ISL_1296466|B/Vietnam/Vnhcm-Vp69/2019|2019-06-30	V1A.3
EPI_ISL_584104|B/Sergipe/13453/2020|2020-04-18	V1A.3
EPI_ISL_485511|B/Macao-/605113/2019|2019-07-01	V1A.3
EPI_ISL_367068|B/Yunnan-Zhaoyang/1302/2019|2019-04-02	V1A.3
EPI_ISL_338963|B/Victoria/705/2018|2018-10-30	V1A.3
EPI_ISL_400560|B/EHIME/6/2019|2019-09-29	V1A.3
EPI_ISL_400661|B/Singapore/NUH0030/2019|2019-08-19	V1A.3
EPI_ISL_499070|B/Santiago/22802/2020|2020-03-09	V1A.3
EPI_ISL_390638|B/Guangdong-Maonan/1658/2019|2019-07-29	V1A.3
EPI_ISL_528787|B/Cambodia/e0130368/2020|2020-01-20	V1A.3
EPI_ISL_402642|B/Philippines/1136/2019|2019-09-06	V1A.3
EPI_ISL_397160|B/North_Dakota/11/2019|2019-10-24	V1A.3
EPI_ISL_485504|B/Macao/600006/2020|2020-01-02	V1A.3
EPI_ISL_370367|B/KANAGAWA/AC1886/2019|2019-06-21	V1A.3
EPI_ISL_509217|B/Brisbane/6B/2020|2020-02-26	V1A.3
EPI_ISL_2695909|B/Yunnan-Linxiang/126/2021|2021-03-12	V1A.3
EPI_ISL_367133|B/Anhui-Shushan/383/2019|2019-03-04	V1A.3
EPI_ISL_603129|B/KYOTO-C/10/2020|2020-03-13	V1A.3
EPI_ISL_3722722|B/Gansu-Wudou/1280/2021|2021-03-11	V1A.3
EPI_ISL_959681|B/Hong_Kong/32/2020|2020-03-11	V1A.3
EPI_ISL_367412|B/Henan-Chuanhui/1333/2019|2019-04-29	V1A.3
EPI_ISL_410547|B/Hunan-Jiahe/314/2019|2019-11-29	V1A.3
EPI_ISL_512129|B/Macedonia/421/2020|2020-02-05	V1A.3
EPI_ISL_367423|B/Hubei-Huangzhou/1412/2019|2019-05-13	V1A.3
EPI_ISL_428495|B/England/693/2019|2019-11-29	V1A.3
EPI_ISL_614324|B/Sichuan-Gaoxin/1560/2019|2019-07-08	V1A.3
EPI_ISL_443161|B/Nigeria/4085/2019|2019-08-26	V1A.3
EPI_ISL_584109|B/Guatemala/817/2020|2020	V1A.3
EPI_ISL_367100|B/Jiangsu-Lishui/322/2019|2019-04-10	V1A.3
EPI_ISL_390748|B/Brisbane/18/2019|2019-07-31	V1A.3
EPI_ISL_672613|B/IWATE/1/2020|2020-02-11	V1A.3
EPI_ISL_522412|B/Yunnan-Wenshan/1479/2020|2020-06-09	V1A.3
EPI_ISL_767039|B/Mali/20056/2020|2020-03-09	V1A.3
EPI_ISL_367007|B/Yunnan-Chuxiong/11566/2019|2019-06-01	V1A.3
EPI_ISL_415876|B/Delaware/10/2020|2020-02-20	V1A.3
EPI_ISL_415895|B/Afghanistan/1586/2019|2019-09-07	V1A.3
EPI_ISL_377214|B/Hong_Kong/574/2019|2019-06-17	V1A.3
EPI_ISL_367206|B/Guangdong-Chikan/1147/2019|2019-02-21	V1A.3
EPI_ISL_367141|B/Jilin-Hunjiang/1187/2019|2019-02-19	V1A.3
EPI_ISL_401908|B/Darwin/189/2019|2019-12-02	V1A.3
EPI_ISL_389943|B/Hong_Kong/738/2019|2019-07-17	V1A.3
EPI_ISL_402346|B/Shanghai-Baoshan/1685/2019|2019-09-02	V1A.3
EPI_ISL_415061|B/South_Korea/11419/2020|2020-01-06	V1A.3
EPI_ISL_401912|B/South_Australia/160/2019|2019-12-06	V1A.3
EPI_ISL_419645|B/Victoria/14/2020|2020-01-27	V1A.3
EPI_ISL_386909|B/Hawaii/32/2019|2019-07-20	V1A.3
EPI_ISL_412410|B/Uppsala/1/2020|2020-01-15	V1A.3
EPI_ISL_603130|B/AICHI/32/2020|2020-01-22	V1A.3
EPI_ISL_534092|B/Anantnag/AG_486/2020|2020-01-20	V1A.3
EPI_ISL_402146|B/Chongqing-Qianjiang/3140/2019|2019-12-02	V1A.3
EPI_ISL_337301|B/Sichuan-Dongxin/120/2019|2019-01-03	V1A.3
EPI_ISL_959677|B/Hong_Kong/27/2020|2020-03-16	V1A.3
EPI_ISL_390619|B/Guangxi-Qinnan/1968/2019|2019-08-05	V1A.3
EPI_ISL_491897|B/Bhutan/1448/2019|2019-07-24	V1A.3
EPI_ISL_367410|B/Hunan-Yongding/37/2019|2019-04-22	V1A.3
EPI_ISL_365699|B/Arizona/13/2019|2019-06-17	V1A.3
EPI_ISL_367481|B/KANAGAWA/IC18169/2019|2019-04-27	V1A.3
EPI_ISL_959683|B/Hong_Kong/36/2020|2020-03-19	V1A.3
EPI_ISL_393642|B/Florida/50/2019|2019-09-10	V1A.3
EPI_ISL_401929|B/Canberra/65/2019|2019-09-09	V1A.3
EPI_ISL_487516|B/Kyiv/342/2020|2020-03-04	V1A.3
EPI_ISL_413417|B/Madagascar/6679/2019|2019-11-15	V1A.3
EPI_ISL_399774|B/England/193940694/2019|2019-09-20	V1A.3
EPI_ISL_768545|B/Anhui-Baohe/1916/2020|2020-11-16	V1A.3
EPI_ISL_390643|B/Guizhou-Xinyi/1544/2019|2019-07-10	V1A.3
EPI_ISL_402233|B/Shaanxi-Xincheng/11453/2019|2019-10-30	V1A.3
EPI_ISL_393661|B/Florida/43/2019|2019-08-24	V1A.3
EPI_ISL_367339|B/Hubei-Huangshigang/1506/2019|2019-05-21	V1A.3
EPI_ISL_1055766|B/Stockholm/1/2021|2021-01-30	3a2
EPI_ISL_3722796|B/Ningxia-Zhongning/1328/2021|2021-05-04	3a2
EPI_ISL_9849553|B/Hunan-Jishou/12710/2021|2021-12-06	3a2
EPI_ISL_7745692|B/Sichuan-Dongxin/11118/2021|2021-10-09	3a2
EPI_ISL_3722720|B/Gansu-Chengguan/1407/2021|2021-03-09	3a2
EPI_ISL_2695967|B/Gansu-Linxia/1521/2021|2021-04-19	3a2
EPI_ISL_7745711|B/Shanghai-Fengxian/1938/2021|2021-10-25	3a2
EPI_ISL_9849555|B/Hainan-Xiuying/1931/2021|2021-11-25	3a2
EPI_ISL_3722792|B/Gansu-Baiyin/1269/2021|2021-04-06	3a2
EPI_ISL_979927|B/Jiangxi-Jizhou/112/2021|2021-01-06	3a2
EPI_ISL_7745689|B/Shanghai-Chongming/1808/2021|2021-10-14	3a2
EPI_ISL_2696019|B/Gansu-Jingyuan/1287/2021|2021-04-12	3a2
EPI_ISL_2696168|B/Fujian-Meilie/1103/2021|2021-02-01	3a2
EPI_ISL_7745702|B/Henan-Ruyang/1459/2021|2021-10-18	3a2
EPI_ISL_3722783|B/Gansu-Qinzhou/1398/2021|2021-05-26	3a2
EPI_ISL_9849567|B/Guizhou-Xinyi/11968/2021|2021-12-06	3a2
EPI_ISL_4520755|B/Zhejiang-Haishu/11626/2021|2021-08-16	3a2
EPI_ISL_7189128|B/Henan-Weidong/1487/2021|2021-10-20	3a2
EPI_ISL_7189133|B/Hubei-Xiangcheng/11000/2021|2021-10-20	3a2
EPI_ISL_4169571|B/Jiangxi-Anyuan/1657/2021|2021-07-12	3a2
EPI_ISL_3722732|B/Gansu-Chengguan/1474/2021|2021-03-22	3a2
EPI_ISL_7745719|B/Hubei-Echeng/33/2021|2021-11-04	3a2
EPI_ISL_9849528|B/Liaoning-Guta/13/2022|2022-01-03	3a2
EPI_ISL_4169471|B/Zhejiang-Haishu/11533/2021|2021-08-02	3a2
EPI_ISL_7189211|B/Jiangxi-Zhushan/1897/2021|2021-09-06	3a2
EPI_ISL_2696011|B/Gansu-Jingyuan/1281/2021|2021-04-06	3a2
EPI_ISL_9849591|B/Guizhou-Honghuagang/1884/2021|2021-11-09	3a2
EPI_ISL_9849562|B/Chongqing-Yuzhong/322/2021|2021-12-15	3a2
EPI_ISL_3722689|B/Gansu-Jingyuan/1410/2021|2021-05-25	3a2
EPI_ISL_7745729|B/Shanghai-Chongming/1890/2021|2021-11-09	3a2
EPI_ISL_2696199|B/Jiangxi-Zhanggong/319/2021|2021-01-14	3a2
EPI_ISL_7189153|B/Guangdong-Futian/11337/2021|2021-10-18	3a2
EPI_ISL_2696207|B/Jiangxi-Jizhou/150/2021|2021-01-13	3a2
EPI_ISL_7189170|B/Guangdong-Jinping/1746/2021|2021-09-21	3a2
EPI_ISL_9849565|B/Sichuan-Ziliujing/11406/2021|2021-12-01	3a2
EPI_ISL_3722750|B/Yunnan-Mengzi/1670/2021|2021-05-19	3a2
EPI_ISL_4520732|B/Guangdong-Pengjiang/1849/2021|2021-08-09	3a2
EPI_ISL_3722778|B/Liaoning-Huanggu/1776/2021|2021-05-10	3a2
EPI_ISL_9849549|B/Liaoning-Yuhong/311/2021|2021-11-30	3a2
EPI_ISL_4520770|B/Jiangxi-Xihu/1756/2021|2021-08-11	3a2
EPI_ISL_3722782|B/Ningxia-Zhongning/1344/2021|2021-05-24	3a2
EPI_ISL_2696254|B/Jiangxi-Zhanggong/32/2021|2021-01-06	3a2
EPI_ISL_4520765|B/Fujian-Xinluo/11615/2021|2021-08-02	3a2
EPI_ISL_2695981|B/Chongqing-Yubei/1388/2021|2021-04-06	3a2
EPI_ISL_7189215|B/Sichuan-Jingyang/12016/2021|2021-09-13	3a2
EPI_ISL_9849597|B/Henan-Xigong/1515/2021|2021-11-15	3a2
EPI_ISL_7189214|B/Hubei-Xiantao/21187/2021|2021-09-15	3a2
EPI_ISL_3722734|B/Gansu-Jingyuan/1237/2021|2021-03-24	3a2
EPI_ISL_3722717|B/Hubei-Dongxihu/2233/2021|2021-06-27	3a2
EPI_ISL_2696069|B/Hainan-Meilan/32/2021|2021-03-17	3a2
EPI_ISL_3722755|B/Hunan-Beihu/1841/2021|2021-05-21	3a2
EPI_ISL_9849524|B/Shanghai-Putuo/132/2022|2022-01-12	3a2
EPI_ISL_9849558|B/Guangdong-Huicheng/1982/2021|2021-12-07	3a2
EPI_ISL_9849535|B/Jiangsu-Quanshan/141/2022|2022-01-11	3a2
EPI_ISL_4520752|B/Fujian-Cangshan/1783/2021|2021-08-08	3a2
EPI_ISL_2696048|B/Hunan-Yuhu/1245/2021|2021-03-24	3a2
EPI_ISL_7745717|B/Shanghai-Huangpu/11573/2021|2021-10-21	3a2
EPI_ISL_9849590|B/Guangdong-Huicheng/352/2021|2021-11-16	3a2
EPI_ISL_4520716|B/Shanghai-Changning/1900/2021|2021-08-04	3a2
EPI_ISL_4520746|B/Hunan-Tianyuan/1788/2021|2021-08-02	3a2
EPI_ISL_7189210|B/Hubei-Zengdou/31/2021|2021-09-14	3a2
EPI_ISL_7745690|B/Shanghai-Huangpu/11502/2021|2021-10-02	3a2
EPI_ISL_2695891|B/Hunan-Tianyuan/1282/2021|2021-03-15	3a2
EPI_ISL_3722698|B/Gansu-Jiayuguan/1449/2021|2021-06-07	3a2
EPI_ISL_4169537|B/Sichuan-Wuhou/2135/2021|2021-07-07	3a2
EPI_ISL_7189184|B/Jiangsu-Rugao/31/2021|2021-09-13	3a2
EPI_ISL_7745695|B/Sichuan-Cuiping/1903/2021|2021-10-08	3a2
EPI_ISL_7189200|B/Chongqing-Yubei/1908/2021|2021-09-07	3a2
EPI_ISL_4520711|B/Hubei-Echeng/11358/2021|2021-08-24	3a2
EPI_ISL_4520772|B/Jiangxi-Linchuan/1969/2021|2021-08-03	3a2
EPI_ISL_3722738|B/Gansu-Baiyin/1252/2021|2021-03-31	3a2
EPI_ISL_3722752|B/Shandong-Wulian/326/2021|2021-04-16	3a2
EPI_ISL_4520756|B/Guizhou-Nanming/11818/2021|2021-08-03	3a2
EPI_ISL_4520733|B/Shanghai-Fengxian/1671/2021|2021-08-02	3a2
EPI_ISL_3722788|B/Guangxi-Fangcheng/1501/2021|2021-05-06	3a2
EPI_ISL_9849600|B/Jiangsu-Xuzhougulou/1885/2021|2021-11-09	3a2
EPI_ISL_3722795|B/Ningxia-Zhongning/1321/2021|2021-04-26	3a2
EPI_ISL_3722687|B/Zhejiang-Haishu/11220/2021|2021-06-21	3a2
EPI_ISL_4520701|B/Zhejiang-Fenghua/2290/2021|2021-08-22	3a2
EPI_ISL_7189162|B/Jiangxi-Anyuan/11044/2021|2021-10-09	3a2
EPI_ISL_402151|B/Tianjin-Nankai/11093/2019|2019-11-25	3a2
EPI_ISL_7745724|B/Hebei-Xinhua/11073/2021|2021-11-03	3a2
EPI_ISL_7189167|B/Zhejiang-Shangcheng/11039/2021|2021-09-20	3a2
EPI_ISL_4520754|B/Zhejiang-Haishu/11549/2021|2021-08-03	3a2
EPI_ISL_2696012|B/Hunan-Beihu/1596/2021|2021-04-10	3a2
EPI_ISL_4520759|B/Chongqing-Yuzhong/1785/2021|2021-08-07	3a2
EPI_ISL_3722695|B/Hubei-Jiangan/1555/2021|2021-06-07	3a2
EPI_ISL_7189168|B/Anhui-Baohe/1701/2021|2021-09-06	3a2
EPI_ISL_7745714|B/Shanghai-Jiading/1853/2021|2021-10-25	3a2
EPI_ISL_3722731|B/Gansu-Jingyuan/1211/2021|2021-03-17	3a2
EPI_ISL_7189208|B/Hubei-Shashi/31/2021|2021-09-10	3a2
EPI_ISL_2695917|B/Gansu-Jingyuan/1190/2021|2021-03-10	3a2
EPI_ISL_7189159|B/Henan-Zhongmou/33/2021|2021-10-14	3a2
EPI_ISL_4520766|B/Henan-Shihe/1398/2021|2021-08-08	3a2
EPI_ISL_7745707|B/Zhejiang-Shangcheng/11203/2021|2021-10-27	3a2
EPI_ISL_4520700|B/Zhejiang-Nanhu/1795/2021|2021-08-23	3a2
EPI_ISL_2696198|B/Jiangxi-Zhanggong/322/2021|2021-01-21	3a2
EPI_ISL_7189220|B/Guangdong-Jinping/1723/2021|2021-09-14	3a2
EPI_ISL_4520777|B/Hubei-Maojian/11629/2021|2021-08-22	3a2
EPI_ISL_2844842|B/Gansu-Baiyin/1293/2021|2021-04-14	3a2
EPI_ISL_3722769|B/Hubei-Jingzhou/311/2021|2021-06-01	3a2
EPI_ISL_2696194|B/Jiangxi-Zhanggong/327/2021|2021-01-21	3a2
EPI_ISL_7189131|B/Fujian-Cangshan/11009/2021|2021-10-10	3a2
EPI_ISL_4520749|B/Hunan-Kaifu/1628/2021|2021-08-09	3a2
EPI_ISL_7189185|B/Sichuan-Jiangyang/12033/2021|2021-09-13	3a2
EPI_ISL_9849550|B/Liaoning-Huanggu/11547/2021|2021-12-14	3a2
EPI_ISL_4169561|B/Guangdong-Zhenjiang/1581/2021|2021-07-21	3a2
EPI_ISL_4169570|B/Jiangxi-Jizhou/1643/2021|2021-07-13	3a2
EPI_ISL_9849534|B/Jiangsu-Sucheng/116/2022|2022-01-04	3a2
EPI_ISL_4169470|B/Zhejiang-Fenghua/2252/2021|2021-08-09	3a2
EPI_ISL_2696066|B/Henan-Luolong/1258/2021|2021-03-30	3a2
EPI_ISL_398301|B/NIIGATA-C/6/2019|2019-10-27	3a2
EPI_ISL_7745718|B/Hubei-Echeng/11679/2021|2021-10-27	3a2
EPI_ISL_2696064|B/Gansu-Baiyin/1245/2021|2021-03-30	3a2
EPI_ISL_4169554|B/Shanghai-Fengxian/1635/2021|2021-07-20	3a2
EPI_ISL_2696041|B/Hainan-Meilan/311/2021|2021-03-17	3a2
EPI_ISL_9849530|B/Beijing-Chaoyang/11/2022|2022-01-03	3a2
EPI_ISL_2695903|B/Hubei-Qiaokou/1178/2021|2021-03-15	3a2
EPI_ISL_4520709|B/Hubei-Maojian/11690/2021|2021-08-30	3a2
EPI_ISL_2696253|B/Jiangxi-Zhanggong/31/2021|2021-01-06	3a2
EPI_ISL_7745708|B/Zhejiang-Xiacheng/11085/2021|2021-11-01	3a2
EPI_ISL_4169543|B/Qinghai-Datonghuizutuzuzizhi/2314/2021|2021-06-17	3a2
EPI_ISL_4520714|B/Shanghai-Qingpu/1658/2021|2021-08-19	3a2
EPI_ISL_3722779|B/Gansu-Xifeng/1401/2021|2021-05-20	3a2
EPI_ISL_7189140|B/Henan-Weidong/1406/2021|2021-09-28	3a2
EPI_ISL_4520773|B/Jiangxi-Anyuan/1750/2021|2021-08-04	3a2
EPI_ISL_4169472|B/Hainan-Xiuying/1549/2021|2021-06-30	3a2
EPI_ISL_2696203|B/Jiangxi-Jizhou/190/2021|2021-01-18	3a2
EPI_ISL_2695992|B/Henan-Luolong/1218/2021|2021-03-17	3a2
EPI_ISL_3722730|B/Gansu-Baiyin/1209/2021|2021-03-16	3a2
EPI_ISL_2696209|B/Jiangxi-Zhanggong/330/2021|2021-01-21	3a2
EPI_ISL_9849554|B/Hubei-Jianshi/256/2021|2021-12-01	3a2
EPI_ISL_2695929|B/Jiangxi-Xihu/1220/2021|2021-03-03	3a2
EPI_ISL_7189204|B/Zhejiang-Shangcheng/1980/2021|2021-09-01	3a2
EPI_ISL_9849598|B/Sichuan-Guangan/1946/2021|2021-10-24	3a2
EPI_ISL_3722733|B/Gansu-Baiyin/1224/2021|2021-03-23	3a2
EPI_ISL_7745732|B/Sichuan-Jingyang/12232/2021|2021-10-12	3a2
EPI_ISL_2695906|B/Gansu-Minxian/337/2021|2021-03-15	3a2
EPI_ISL_4520739|B/Hubei-Qiaokou/1555/2021|2021-08-02	3a2
EPI_ISL_2695947|B/Gansu-Maoji/1153/2021|2021-02-24	3a2
EPI_ISL_2695942|B/Fujian-Jiaocheng/1407/2021|2021-03-01	3a2
EPI_ISL_7189182|B/Zhejiang-Haishu/11745/2021|2021-09-01	3a2
EPI_ISL_3722715|B/Hubei-Tongcheng/2145/2021|2021-06-08	3a2
EPI_ISL_9849577|B/Shanghai-Putuo/1948/2021|2021-12-01	3a2
EPI_ISL_3722716|B/Hubei-Qiaokou/1425/2021|2021-06-14	3a2
EPI_ISL_2695959|B/Jiangsu-Jurong/1286/2021|2021-04-13	3a2
EPI_ISL_2695958|B/Gansu-Jingyuan/1298/2021|2021-04-13	3a2
EPI_ISL_2696067|B/Hainan-Meilan/35/2021|2021-03-17	3a2
EPI_ISL_2695923|B/Jiangxi-Zhushan/1203/2021|2021-03-08	3a2
EPI_ISL_7189219|B/Hainan-Meilan/349/2021|2021-09-04	3a2
EPI_ISL_4520707|B/Hubei-Dangyang/2300/2021|2021-08-24	3a2
EPI_ISL_4520729|B/Hainan-Meilan/1647/2021|2021-08-09	3a2
EPI_ISL_4520727|B/Hubei-Wuchang/717/2021|2021-08-01	3a2
EPI_ISL_575336|B/India/4060/2020|2020-01-24	3a2
EPI_ISL_2696035|B/Hainan-Meilan/39/2021|2021-03-17	3a2
EPI_ISL_7189193|B/Guangxi-Jiangzhou/1715/2021|2021-09-09	3a2
EPI_ISL_3722785|B/Jiangxi-Jizhou/1532/2021|2021-05-24	3a2
EPI_ISL_7189222|B/Guangdong-Pengjiang/1961/2021|2021-09-13	3a2
EPI_ISL_2696137|B/Gansu-Wudou/1183/2021|2021-02-22	3a2
EPI_ISL_7189199|B/Shanghai-Jiading/1716/2021|2021-09-05	3a2
EPI_ISL_4520726|B/Hubei-Zhangwan/2152/2021|2021-08-06	3a2
EPI_ISL_4169574|B/Hubei-Yingcheng/299/2021|2021-07-09	3a2
EPI_ISL_9849525|B/Neimenggu-Keerqin/19/2022|2022-01-03	3a2
EPI_ISL_9849587|B/Guangxi-Tiandong/538/2021|2021-11-02	3a2
EPI_ISL_3722700|B/Beijing-Chaoyang/11280/2021|2021-06-01	3a2
EPI_ISL_4169579|B/Hubei-Shashi/1887/2021|2021-07-06	3a2
EPI_ISL_5332907|B/Henan-Xigong/1118/2021|2021-02-17	3a2
EPI_ISL_7189189|B/Zhejiang-Nanhu/1902/2021|2021-09-14	3a2
EPI_ISL_4520699|B/Henan-Zhaoling/1359/2021|2021-08-22	3a2
EPI_ISL_9849533|B/Xinjiang-Tianshan/16/2022|2022-01-03	3a2
EPI_ISL_9849537|B/Zhejiang-Nanhu/11/2022|2022-01-03	3a2
EPI_ISL_4520734|B/Shanghai-Baoshan/1648/2021|2021-08-16	3a2
EPI_ISL_2695988|B/Zhejiang-Haishu/1785/2021|2021-04-19	3a2
EPI_ISL_3722744|B/Hubei-Dongxihu/2144/2021|2021-05-02	3a2
EPI_ISL_9849601|B/Guizhou-Bijiang/1897/2021|2021-11-08	3a2
EPI_ISL_2696040|B/Hainan-Meilan/31/2021|2021-03-17	3a2
EPI_ISL_4520735|B/Guangxi-Gangbei/1805/2021|2021-08-02	3a2
EPI_ISL_4520738|B/Hubei-Maojian/11552/2021|2021-08-10	3a2
EPI_ISL_4520763|B/Hebei-Luquan/1784/2021|2021-08-02	3a2
EPI_ISL_4169580|B/Sichuan-Gaoxin/1744/2021|2021-07-14	3a2
EPI_ISL_2696208|B/Jiangxi-Jizhou/146/2021|2021-01-12	3a2
EPI_ISL_4169569|B/Jiangxi-Zhanggong/1706/2021|2021-07-13	3a2
EPI_ISL_9849576|B/Shandong-Gaoqing/312/2021|2021-12-01	3a2
EPI_ISL_1760816|B/Stockholm/4/2021|2021-03-15	3a2
EPI_ISL_4520779|B/Hubei-Danjiangkou/2380/2021|2021-08-16	3a2
EPI_ISL_2696059|B/Gansu-Xifeng/1247/2021|2021-03-29	3a2
EPI_ISL_2696195|B/Jiangxi-Zhanggong/326/2021|2021-01-21	3a2
EPI_ISL_2696070|B/Guizhou-Xixiu/1218/2021|2021-03-18	3a2
EPI_ISL_2695924|B/Chongqing-Qianjiang/1233/2021|2021-03-06	3a2
EPI_ISL_4520743|B/Hubei-Danjiangkou/2355/2021|2021-08-04	3a2
EPI_ISL_9849586|B/Henan-Longting/1572/2021|2021-11-24	3a2
EPI_ISL_3722757|B/Gansu-Maoji/1368/2021|2021-05-11	3a2
EPI_ISL_4169563|B/Fujian-Sanyuan/2644/2021|2021-07-07	3a2
EPI_ISL_7745700|B/Jiangxi-Zhushan/1898/2021|2021-09-06	3a2
EPI_ISL_2696197|B/Jiangxi-Zhanggong/323/2021|2021-01-21	3a2
EPI_ISL_7189126|B/Shanghai-Chongming/38/2021|2021-10-26	3a2
EPI_ISL_2695975|B/Neimenggu-Kundoulun/1312/2021|2021-04-26	3a2
EPI_ISL_4169560|B/Jiangxi-Linchuan/1823/2021|2021-07-02	3a2
EPI_ISL_9849536|B/Hebei-Xiangdou/146/2022|2022-01-10	3a2
EPI_ISL_7189161|B/Fujian-Meilie/11031/2021|2021-10-11	3a2
EPI_ISL_3722699|B/Gansu-Suzhou/1447/2021|2021-06-06	3a2
EPI_ISL_9849593|B/Beijing-Chaoyang/12733/2021|2021-11-16	3a2
EPI_ISL_2696210|B/Jiangxi-Zhanggong/324/2021|2021-01-21	3a2
EPI_ISL_3722726|B/Gansu-Baiyin/1246/2021|2021-03-30	3a2
EPI_ISL_7189118|B/Sichuan/12599/2021|2021-11-01	3a2
EPI_ISL_2695972|B/Gansu-Jingyuan/320/2021|2021-04-23	3a2
EPI_ISL_4169573|B/Hubei-Xiantao/33/2021|2021-07-06	3a2
EPI_ISL_2696255|B/Jiangxi-Zhanggong/33/2021|2021-01-06	3a2
EPI_ISL_9849552|B/Shandong-Kuiwen/3146/2021|2021-12-09	3a2
EPI_ISL_2695974|B/Gansu-Linxia/1558/2021|2021-04-26	3a2
EPI_ISL_4520695|B/Beijing-Chaoyang/12099/2021|2021-08-31	3a2
EPI_ISL_4520693|B/Shanghai-Fengxian/1749/2021|2021-08-25	3a2
EPI_ISL_7189205|B/Henan-Shihe/1440/2021|2021-09-11	3a2
EPI_ISL_7745715|B/Shanghai-Jiading/1872/2021|2021-11-01	3a2
EPI_ISL_4520747|B/Hunan-Tianyuan/1821/2021|2021-08-09	3a2
EPI_ISL_4520705|B/Zhejiang-Haishu/11642/2021|2021-08-17	3a2
EPI_ISL_979942|B/Jiangxi-Zhanggong/131/2021|2021-01-11	3a2
EPI_ISL_9849538|B/Zhejiang-Liandou/114/2022|2022-01-04	3a2
EPI_ISL_9849546|B/Jiangsu-Qinhuai/1964/2021|2021-12-08	3a2
EPI_ISL_2695893|B/Hunan-Tianyuan/1288/2021|2021-03-15	3a2
EPI_ISL_2844841|B/Gansu-Baiyin/1281/2021|2021-04-13	3a2
EPI_ISL_9849560|B/Neimenggu-Hongshan/1589/2021|2021-11-30	3a2
EPI_ISL_7189190|B/Zhejiang-Nanhu/1796/2021|2021-08-23	3a2
EPI_ISL_7745705|B/Hainan-Meilan/1801/2021|2021-10-11	3a2
EPI_ISL_3722727|B/Gansu-Anding/1194/2021|2021-03-10	3a2
EPI_ISL_2695933|B/Fujian-Sanyuan/2293/2021|2021-03-02	3a2
EPI_ISL_7745727|B/Zhejiang-Haishu/12189/2021|2021-11-02	3a2
EPI_ISL_9849559|B/Jiangsu-Quanshan/11961/2021|2021-12-07	3a2
EPI_ISL_2696026|B/Gansu-Pingchuan/32/2021|2021-04-19	3a2
EPI_ISL_9849531|B/Sichuan-Cuiping/112/2022|2022-01-05	3a2
EPI_ISL_4520757|B/Chongqing-Yubei/1791/2021|2021-08-02	3a2
EPI_ISL_7745704|B/Zhejiang-Shangcheng/11157/2021|2021-10-18	3a2
EPI_ISL_4169512|B/Beijing-Chaoyang/11745/2021|2021-07-27	3a2
EPI_ISL_4169530|B/Henan-Xigong/1326/2021|2021-07-05	3a2
EPI_ISL_2696205|B/Jiangxi-Jizhou/170/2021|2021-01-18	3a2
EPI_ISL_4169545|B/Zhejiang-Haishu/11360/2021|2021-07-06	3a2
EPI_ISL_2844843|B/Gansu-Chengguan/1515/2021|2021-03-30	3a2
EPI_ISL_7189154|B/Guangdong-Chengqu/38/2021|2021-10-19	3a2
EPI_ISL_4520745|B/Hunan-Lusong/1758/2021|2021-08-09	3a2
EPI_ISL_2695978|B/Jiangxi-Zhanggong/539/2021|2021-03-31	3a2
EPI_ISL_2696083|B/Jiangxi-Jizhou/1321/2021|2021-03-29	3a2
EPI_ISL_7189160|B/Chongqing-Yubei/11015/2021|2021-10-06	3a2
EPI_ISL_2696043|B/Hunan-Yanfeng/1205/2021|2021-03-17	3a2
EPI_ISL_979902|B/Jiangxi-Zhanggong/15/2021|2021-01-04	3a2
EPI_ISL_2696206|B/Jiangxi-Jizhou/167/2021|2021-01-18	3a2
EPI_ISL_4520696|B/Beijing-Chaoyang/11871/2021|2021-08-09	3a2
EPI_ISL_3722708|B/Guizhou-Songtaomiaozuzizhi/346/2021|2021-06-16	3a2
EPI_ISL_3722697|B/Zhejiang-Yuecheng/1693/2021|2021-06-09	3a2
EPI_ISL_7189203|B/Zhejiang-Nanhu/1884/2021|2021-09-08	3a2
EPI_ISL_2696036|B/Hainan-Meilan/316/2021|2021-03-17	3a2
EPI_ISL_9140564|B/South_Africa/R13233/2021|2021-08-31	3a2 (global)
EPI_ISL_4379868|B/South_Africa/10097/2021|2021-07-06	3a2 (global)
EPI_ISL_9140575|B/South_Africa/R13535/2021|2021-09-08	3a2 (global)
EPI_ISL_2521321|B/Afghanistan/70/2020|2020-11-24	3a2 (global)
EPI_ISL_9346202|B/Pakistan/ICT5/2021|2021-07-01	3a2 (global)
EPI_ISL_9140537|B/South_Africa/R13977/2021|2021-09-16	3a2 (global)
EPI_ISL_3535221|B/Bangladesh/3055/2021|2021-05-31	3a2 (global)
EPI_ISL_8809956|B/Abu_Dhabi/3430298/2021|2021-12-09	3a2 (global)
EPI_ISL_4379698|B/South_Africa/8982/2021|2021-06-17	3a2 (global)
EPI_ISL_3535251|B/Bangladesh/3008/2021|2021-05-22	3a2 (global)
EPI_ISL_8640754|B/Singapore/INFKK0008/2021|2021-09-14	3a2 (global)
EPI_ISL_9140590|B/South_Africa/R12597/2021|2021-08-23	3a2 (global)
EPI_ISL_8640767|B/Singapore/INFTT0005/2021|2021-09-07	3a2 (global)
EPI_ISL_3663611|B/Zabaykalsky_Krai/349V/2021|2021-05-14	3a2 (global)
EPI_ISL_9346209|B/Ethiopia/1054/2021|2021-04-26	3a2 (global)
EPI_ISL_8640750|B/Singapore/WUH6393/2021|2021-06-29	3a2 (global)
EPI_ISL_9349284|B/India/Pun-NIV431/2021|2021-10-19	3a2 (global)
EPI_ISL_4539792|B/Bangladesh/1984/2021|2021-06-08	3a2 (global)
EPI_ISL_9140542|B/South_Africa/R15982/2021|2021-11-02	3a2 (global)
EPI_ISL_9346207|B/Ethiopia/4124/2021|2021-11-23	3a2 (global)
EPI_ISL_2671833|B/Ekaterinburg/RII-01V/2021|2021-03-11	3a2 (global)
EPI_ISL_3085821|B/Kenya/136/2021|2021-05-20	3a2 (global)
EPI_ISL_4379916|B/South_Africa/8954/2021|2021-06-17	3a2 (global)
EPI_ISL_8376946|B/Singapore/SAR46311/2021|2021-09-19	3a2 (global)
EPI_ISL_8376935|B/Singapore/SAR51629/2021|2021-09-26	3a2 (global)
EPI_ISL_7834041|B/Singapore/SAR30882/2021|2021-08-31	3a2 (global)
EPI_ISL_4539784|B/Bangladesh/1985/2021|2021-06-08	3a2 (global)
EPI_ISL_7834027|B/Singapore/HAN8909/2021|2021-08-03	3a2 (global)
EPI_ISL_8377196|B/Singapore/SAR40163/2021|2021-09-12	3a2 (global)
EPI_ISL_6343341|B/Singapore/WUH7381/2021|2021-07-07	3a2 (global)
EPI_ISL_4005803|B/Qatar/16-VI-21-3744979/2021|2021-07-31	3a2 (global)
EPI_ISL_7834039|B/Singapore/KK0015/2021|2021-09-24	3a2 (global)
EPI_ISL_9349285|B/India/Aurangabad-QC_21_64/2021|2021-09-26	3a2 (global)
EPI_ISL_7834030|B/Singapore/HAN9481/2021|2021-08-04	3a2 (global)
EPI_ISL_7834042|B/Singapore/SAR31385/2021|2021-09-01	3a2 (global)
EPI_ISL_8640765|B/Singapore/SAR94803/2021|2021-12-23	3a2 (global)
EPI_ISL_9140586|B/South_Africa/R13186/2021|2021-09-03	3a2 (global)
EPI_ISL_9346210|B/Ethiopia/3914/2021|2021-06-18	3a2 (global)
EPI_ISL_5978303|B/Bangladesh/3210810018/2021|2021-08-19	3a2 (global)
EPI_ISL_6343344|B/Singapore/WUH7530/2021|2021-07-08	3a2 (global)
EPI_ISL_2625879|B/Ekaterinburg/RII-02/2021|2021-03-17	3a2 (global)
EPI_ISL_7834043|B/Singapore/SAR33277/2021|2021-09-04	3a2 (global)
EPI_ISL_7834047|B/Singapore/WUH8011/2021|2021-07-12	3a2 (global)
EPI_ISL_2448015|B/Saudi_Arabia/1071894032/2020|2020-12-15	3a2 (global)
EPI_ISL_9349283|B/India/Pun-NIV564/2021|2021-09-29	3a2 (global)
EPI_ISL_4539803|B/Bangladesh/469/2021|2021-05-29	3a2 (global)
EPI_ISL_8808693|B/Cameroon/8775/2021|2021-11-17	3a2 (global)
EPI_ISL_3535223|B/Bangladesh/9013/2021|2021-06-05	3a2 (global)
EPI_ISL_9140525|B/South_Africa/R14771/2021|2021-10-07	3a2 (global)
EPI_ISL_4379884|B/South_Africa/8978/2021|2021-06-11	3a2 (global)
EPI_ISL_1064158|B/Bahrain/3759/2021|2021-01-07	3a2 (global)
EPI_ISL_7834045|B/Singapore/TT0003/2021|2021-08-11	3a2 (global)
EPI_ISL_2448017|B/Saudi_Arabia/1039371032/2020|2020-11-15	3a2 (global)
EPI_ISL_4539789|B/Bangladesh/2070/2021|2021-05-03	3a2 (global)
EPI_ISL_3102177|B/Singapore/WUH5122/2021|2021-06-21	3a2 (global)
EPI_ISL_6343352|B/Singapore/GP1216/2021|2021-07-05	3a2 (global)
EPI_ISL_8809955|B/Abu_Dhabi/3210361/2021|2021-11-16	3a2 (global)
EPI_ISL_3535218|B/Bangladesh/603001/2021|2021-06-02	3a2 (global)
EPI_ISL_8376941|B/Singapore/SAR29660/2021|2021-08-29	3a2 (global)
EPI_ISL_2521319|B/Afghanistan/76/2020|2020-12-01	3a2 (global)
EPI_ISL_3247014|B/South_Africa/6149/2021|2021-05-11	3a2 (global)
EPI_ISL_9140593|B/South_Africa/R13857/2021|2021-09-14	3a2 (global)
EPI_ISL_2521314|B/Afghanistan/73/2020|2020-11-24	3a2 (global)
EPI_ISL_3535232|B/Bangladesh/8027/2021|2021-02-23	3a2 (global)
EPI_ISL_9346204|B/Bangladesh/4026/2021|2021-09-19	3a2 (global)
EPI_ISL_8640757|B/Singapore/SAR91965/2021|2021-12-13	3a2 (global)
EPI_ISL_8809957|B/Abu_Dhabi/3532886/2021|2021-12-19	3a2 (global)
EPI_ISL_4539775|B/Bangladesh/1631/2021|2021-05-27	3a2 (global)
EPI_ISL_3535224|B/Bangladesh/8007/2021|2021-05-29	3a2 (global)
EPI_ISL_5959360|B/Bahrain/7711/2021|2021-03-08	3a2 (global)
EPI_ISL_3102171|B/Singapore/WUH2178/2021|2021-06-09	3a2 (global)
EPI_ISL_983353|B/Marseille/2777/2020|2020-10-15	3a2 (global)
EPI_ISL_3535231|B/Bangladesh/3026/2021|2021-05-28	3a2 (global)
EPI_ISL_5978296|B/Bangladesh/3012/2021|2021-08-19	3a2 (global)
EPI_ISL_1760814|B/Stockholm/2/2021|2021-03-01	3a2 (global)
EPI_ISL_4379588|B/South_Africa/8987/2021|2021-06-15	3a2 (global)
EPI_ISL_3535220|B/Bangladesh/8028/2021|2021-03-24	3a2 (global)
EPI_ISL_6343339|B/Singapore/WUH7377/2021|2021-07-07	3a2 (global)
EPI_ISL_6343342|B/Singapore/WUH7382/2021|2021-07-07	3a2 (global)
EPI_ISL_3102169|B/Singapore/WUH1964/2021|2021-06-08	3a2 (global)
EPI_ISL_8640762|B/Singapore/SAR94218/2021|2021-12-20	3a2 (global)
EPI_ISL_4005804|B/Qatar/21-VI-21-2331965/2021|2021-05-16	3a2 (global)
EPI_ISL_9140546|B/South_Africa/R13855/2021|2021-09-16	3a2 (global)
EPI_ISL_4876090|B/Bangladesh/8042/2021|2021-06-24	3a2 (global)
EPI_ISL_4380022|B/South_Africa/10890/2021|2021-07-21	3a2 (global)
EPI_ISL_4876105|B/Bangladesh/610011/2021|2021-06-22	3a2 (global)
EPI_ISL_6343338|B/Singapore/WUH7375/2021|2021-07-07	3a2 (global)
EPI_ISL_4380049|B/South_Africa/6663/2021|2021-05-19	3a2 (global)
EPI_ISL_3102187|B/Singapore/WUH5127/2021|2021-06-21	3a2 (global)
EPI_ISL_4876091|B/Bangladesh/4005/2021|2021-08-12	3a2 (global)
EPI_ISL_8640764|B/Singapore/SAR94800/2021|2021-12-23	3a2 (global)
EPI_ISL_4876100|B/Bangladesh/1018/2021|2021-06-30	3a2 (global)
EPI_ISL_9140591|B/South_Africa/R12283/2021|2021-08-13	3a2 (global)
EPI_ISL_3535247|B/Bangladesh/9026/2021|2021-05-30	3a2 (global)
EPI_ISL_8808691|B/Cameroon/8777/2021|2021-11-19	3a2 (global)
EPI_ISL_6424991|B/Darwin/11/2021|2021-10-01	3a2 (global)
EPI_ISL_3333578|B/South_Africa/6293/2021|2021-05-13	3a2 (global)
EPI_ISL_7834035|B/Singapore/KK0007/2021|2021-09-10	3a2 (global)
EPI_ISL_4380063|B/South_Africa/9181/2021|2021-06-22	3a2 (global)
EPI_ISL_4005806|B/Qatar/47-VI-21-2376814/2021|2021-05-18	3a2 (global)
EPI_ISL_4379837|B/South_Africa/9407/2021|2021-06-25	3a2 (global)
EPI_ISL_4379961|B/South_Africa/8462/2021|2021-06-08	3a2 (global)
EPI_ISL_9402288|B/Switzerland/11488/2021|2021-11-29	3a2 (global)
EPI_ISL_935030|B/Austria/1365821/2021|2021-01-25	3a2 (global)
EPI_ISL_4380037|B/South_Africa/5380/2021|2021-04-21	3a2 (global)
EPI_ISL_4005797|B/Qatar/10-VI-21-3001000/2021|2021-06-23	3a2 (global)
EPI_ISL_4876104|B/Bangladesh/1041/2021|2021-06-27	3a2 (global)
EPI_ISL_9627734|B/Romania/488575/2021|2021-11-10	3a2 (global)
EPI_ISL_4539769|B/Bangladesh/1058/2021|2021-05-30	3a2 (global)
EPI_ISL_8808684|B/Qatar/16-VI-21-6159966/2021|2021-11-04	3a2 (global)
EPI_ISL_3102168|B/Singapore/WUH1818/2021|2021-06-07	3a2 (global)
EPI_ISL_9346211|B/Ethiopia/1053/2021|2021-04-26	3a2 (global)
EPI_ISL_3279411|B/South_Africa/6305/2021|2021-05-13	3a2 (global)
EPI_ISL_2448013|B/Saudi_Arabia/1194203376/2021|2021-01-03	3a2 (global)
EPI_ISL_4539771|B/Bangladesh/1976/2021|2021-05-30	3a2 (global)
EPI_ISL_8377198|B/Singapore/SAR33763/2021|2021-09-05	3a2 (global)
EPI_ISL_9140535|B/South_Africa/R14063/2021|2021-09-16	3a2 (global)
EPI_ISL_4379726|B/South_Africa/8709/2021|2021-06-09	3a2 (global)
EPI_ISL_3102166|B/Singapore/WUH1644/2021|2021-06-06	3a2 (global)
EPI_ISL_8376943|B/Singapore/HAN3996/2021|2021-07-26	3a2 (global)
EPI_ISL_4539770|B/Bangladesh/1062/2021|2021-05-31	3a2 (global)
EPI_ISL_9140538|B/South_Africa/R14083/2021|2021-09-20	3a2 (global)
EPI_ISL_4379901|B/South_Africa/9371/2021|2021-06-24	3a2 (global)
EPI_ISL_7834024|B/Singapore/HAN1814/2021|2021-07-22	3a2 (global)
EPI_ISL_912625|B/Sundsvall/1/2021|2021-01-19	3a2 (global)
EPI_ISL_4005805|B/Qatar/24-VI-21-1993651/2021|2021-04-25	3a2 (global)
EPI_ISL_7834019|B/Singapore/HAN0105/2021|2021-07-19	3a2 (global)
EPI_ISL_4379808|B/South_Africa/8698/2021|2021-06-10	3a2 (global)
EPI_ISL_4876101|B/Bangladesh/9003/2021|2021-07-03	3a2 (global)
EPI_ISL_6917476|B/Navarra/9659/2021|2021-11-12	3a2 (global)
EPI_ISL_2448018|B/Saudi_Arabia/1157663012/2020|2020-10-31	3a2 (global)
EPI_ISL_6343336|B/Singapore/WUH7276/2021|2021-07-06	3a2 (global)
EPI_ISL_7261796|B/Nigeria/6350/2021|2021-09-23	3a2 (global)
EPI_ISL_3102172|B/Singapore/WUH4855/2021|2021-06-20	3a2 (global)
EPI_ISL_8640755|B/Singapore/SAR90632/2021|2021-12-05	3a2 (global)
EPI_ISL_4539783|B/Bangladesh/1636/2021|2021-06-06	3a2 (global)
EPI_ISL_2448014|B/Saudi_Arabia/1163435488/2020|2020-12-25	3a2 (global)
EPI_ISL_3333576|B/South_Africa/5833/2021|2021-05-03	3a2 (global)
EPI_ISL_3102167|B/Singapore/WUH1816/2021|2021-06-07	3a2 (global)
EPI_ISL_8809959|B/Abu_Dhabi/3330615/2021|2021-11-28	3a2 (global)
EPI_ISL_710041|B/Paris/9867/2020|2020-11-25	3a2 (global)
EPI_ISL_8640751|B/Singapore/WUH6524/2021|2021-06-30	3a2 (global)
EPI_ISL_3535238|B/Bangladesh/2025/2021|2021-05-30	3a2 (global)
EPI_ISL_4005801|B/Qatar/16-VI-21-3268554/2021|2021-07-06	3a2 (global)
EPI_ISL_4539781|B/Bangladesh/1071/2021|2021-06-10	3a2 (global)
EPI_ISL_5978311|B/Bangladesh/4042/2021|2021-08-28	3a2 (global)
EPI_ISL_5959568|B/Bahrain/7887/2021|2021-06-08	3a2 (global)
EPI_ISL_6343346|B/Singapore/WUH7658/2021|2021-07-09	3a2 (global)
EPI_ISL_8640761|B/Singapore/SAR94217/2021|2021-12-20	3a2 (global)
EPI_ISL_9346205|B/Ethiopia/1052/2021|2021-04-26	3a2 (global)
EPI_ISL_8609240|B/England/214681390/2021|2021-11-17	3a2 (global)
EPI_ISL_3535233|B/Bangladesh/2039/2021|2021-04-06	3a2 (global)
EPI_ISL_7834025|B/Singapore/HAN2995/2021|2021-07-24	3a2 (global)
EPI_ISL_4005799|B/Qatar/15-VI-21-3927143/2021|2021-08-09	3a2 (global)
EPI_ISL_9383722|B/England/215121917/2021|2021-12-19	3a2 (global)
EPI_ISL_6343345|B/Singapore/WUH7588/2021|2021-07-09	3a2 (global)
EPI_ISL_3102173|B/Singapore/WUH4868/2021|2021-06-20	3a2 (global)
EPI_ISL_9533510|B/Qatar/10-VI-21-6015657/2021|2021-10-29	3a2 (global)
EPI_ISL_7869470|A/SouthAfrica/PET20377/2021|2021-09-21	3a2 (global)
EPI_ISL_4379932|B/South_Africa/10006/2021|2021-07-02	3a2 (global)
EPI_ISL_9140533|B/South_Africa/R14579/2021|2021-09-28	3a2 (global)
EPI_ISL_9533508|B/Qatar/10-VI-21-5318765/2021|2021-09-29	3a2 (global)
EPI_ISL_6343350|B/Singapore/WUH7669/2021|2021-07-09	3a2 (global)
EPI_ISL_3535227|B/Bangladesh/2065/2021|2021-04-27	3a2 (global)
EPI_ISL_7834046|B/Singapore/WUH7991/2021|2021-07-12	3a2 (global)
EPI_ISL_4005796|B/Qatar/10-VI-21-2160110/2021|2021-05-05	3a2 (global)
EPI_ISL_4760593|B/Nepal/21FL2500/2021|2021-08-09	3a2 (global)
EPI_ISL_4876085|B/Bangladesh/1001/2021|2021-07-03	3a2 (global)
EPI_ISL_8376950|B/Singapore/SAR56861/2021|2021-10-03	3a2 (global)
EPI_ISL_1760815|B/Stockholm/3/2021|2021-03-05	3a2 (global)
EPI_ISL_7834026|B/Singapore/HAN8357/2021|2021-08-02	3a2 (global)
EPI_ISL_4379852|B/South_Africa/8306/2021|2021-05-31	3a2 (global)
EPI_ISL_5419109|B/Nepal/21FL2506/2021|2021-08-09	3a2 (global)
EPI_ISL_3102198|B/Singapore/WUH5128/2021|2021-06-21	3a2 (global)
EPI_ISL_4379670|B/South_Africa/10285/2021|2021-07-07	3a2 (global)
EPI_ISL_3333574|B/South_Africa/5366/2021|2021-04-21	3a2 (global)
EPI_ISL_4379977|B/South_Africa/8887/2021|2021-06-15	3a2 (global)
EPI_ISL_4876092|B/Bangladesh/810002/2021|2021-08-02	3a2 (global)
EPI_ISL_3535256|B/Abu_Dhabi/2210731356/2021|2021-03-14	3a2 (global)
EPI_ISL_8640752|B/Singapore/WUH6527/2021|2021-06-30	3a2 (global)
EPI_ISL_1034792|B/Dakar/11/2020|2020-10-20	3a2 (global)
EPI_ISL_8377197|B/Singapore/SAR82314/2021|2021-11-13	3a2 (global)
EPI_ISL_1392903|B/Niger/8692/2021|2021-01-05	3a2 (global)
EPI_ISL_6343340|B/Singapore/WUH7379/2021|2021-07-07	3a2 (global)
EPI_ISL_5935087|B/England/213821269/2021|2021-09-13	3a2 (global)
EPI_ISL_2672070|B/Ekaterinburg/RII-02V/2021|2021-03-17	3a2 (global)
EPI_ISL_710042|B/Paris/9878/2020|2020-11-20	3a2 (global)
EPI_ISL_8376931|B/Singapore/SAR51638/2021|2021-09-26	3a2 (global)
EPI_ISL_9650313|B/England/220240687/2022|2022-01-10	3a2 (global)
EPI_ISL_7834036|B/Singapore/KK0009/2021|2021-09-15	3a2 (global)
EPI_ISL_9140572|B/South_Africa/R13645/2021|2021-09-10	3a2 (global)
EPI_ISL_6343337|B/Singapore/WUH7277/2021|2021-07-06	3a2 (global)
EPI_ISL_5959630|B/Bangladesh/849/2021|2021-07-14	3a2 (global)
EPI_ISL_4876099|B/Bangladesh/4004/2021|2021-07-25	3a2 (global)
EPI_ISL_1064159|B/Bahrain/1305/2021|2021-01-15	3a2 (global)
EPI_ISL_8377200|B/Singapore/SAR22113/2021|2021-08-09	3a2 (global)
EPI_ISL_4379992|B/South_Africa/6528/2021|2021-05-18	3a2 (global)
EPI_ISL_8376932|B/Singapore/SAR29726/2021|2021-08-29	3a2 (global)
EPI_ISL_4379685|B/South_Africa/9527/2021|2021-06-28	3a2 (global)
EPI_ISL_6424990|B/Darwin/7/2021|2021-09-21	3a2 (global)
EPI_ISL_9140547|B/South_Africa/R15975/2021|2021-11-02	3a2 (global)
EPI_ISL_9627735|B/Portugal/35/2021|2021-12-15	3a2 (global)
EPI_ISL_2521325|B/Afghanistan/691/2020|2020-12-14	3a2 (global)
EPI_ISL_4876110|B/Bangladesh/3210810004/2021|2021-08-03	3a2 (global)
EPI_ISL_3279409|B/South_Africa/6995/2021|2021-05-28	3a2 (global)
EPI_ISL_8377199|B/Singapore/HAN8353/2021|2021-08-02	3a2 (global)
EPI_ISL_4539765|B/Bangladesh/1199/2021|2021-05-29	3a2 (global)
EPI_ISL_9140588|B/South_Africa/R13136/2021|2021-09-02	3a2 (global)
EPI_ISL_6343347|B/Singapore/WUH7660/2021|2021-07-09	3a2 (global)
EPI_ISL_4539809|B/Bangladesh/1195/2021|2021-05-04	3a2 (global)
EPI_ISL_3333582|B/South_Africa/4860/2021|2021-01-01	3a2 (global)
EPI_ISL_2521313|B/Afghanistan/444/2020|2020-12-13	3a2 (global)
EPI_ISL_4539782|B/Bangladesh/1657/2021|2021-07-04	3a2 (global)
EPI_ISL_5959302|B/Bahrain/7715/2021|2021-03-20	3a2 (global)
EPI_ISL_4539777|B/Bangladesh/1644/2021|2021-06-13	3a2 (global)
EPI_ISL_4539786|B/Bangladesh/2030/2021|2021-06-22	3a2 (global)
EPI_ISL_825949|B/Austria/1359417/2021|2021-01-09	3a2 (global)
EPI_ISL_8640758|B/Singapore/SAR92597/2021|2021-12-16	3a2 (global)
EPI_ISL_8808687|B/Qatar/16-VI-21-5125246/2021|2021-09-22	3a2 (global)
EPI_ISL_4539805|B/Bangladesh/2123/2021|2021-06-21	3a2 (global)
EPI_ISL_2521312|B/Afghanistan/29/2020|2020-12-01	3a2 (global)
EPI_ISL_3535237|B/Bangladesh/3024/2021|2021-05-28	3a2 (global)
EPI_ISL_3535250|B/Bangladesh/1008/2021|2021-04-18	3a2 (global)
EPI_ISL_3247013|B/South_Africa/5582/2021|2021-04-23	3a2 (global)
EPI_ISL_5935268|B/England/211560497/2021|2021-04-10	3a2 (global)
EPI_ISL_1064160|B/Abu_Dhabi/3511581/2020|2020-12-15	3a2 (global)
EPI_ISL_2107820|B/Tyumen/343V/2021|2021-03-24	3a2 (global)
EPI_ISL_4379631|B/South_Africa/8436/2021|2021-06-03	3a2 (global)
EPI_ISL_4539799|B/Bangladesh/2135/2021|2021-07-05	3a2 (global)
EPI_ISL_9844948|B/India/Pun-NIVSARI5420/2021|2021-11-17	3a2 (global)
EPI_ISL_3102161|B/Singapore/WUH4590/2021|2021-06-18	3a2 (global)
EPI_ISL_8929407|B/England/214881269/2021|2021-12-03	3a2 (global)
EPI_ISL_4539802|B/Bangladesh/2099/2021|2021-05-31	3a2 (global)
EPI_ISL_5959154|B/Bahrain/2852/2021|2021-07-13	3a2 (global)
EPI_ISL_9650323|B/England/220381369/2022|2022-01-18	3a2 (global)
EPI_ISL_9346206|B/Ethiopia/1049/2021|2021-04-26	3a2 (global)
EPI_ISL_8376933|B/Singapore/SAR69691/2021|2021-10-20	3a2 (global)
EPI_ISL_9208175|B/Stockholm/5/2021|2021-12-24	3a2 (global)
EPI_ISL_3279410|B/South_Africa/5021/2021|2021-04-13	3a2 (global)
EPI_ISL_4876102|B/Bangladesh/3210708007/2021|2021-07-04	3a2 (global)
EPI_ISL_3102163|B/Singapore/WUH4750/2021|2021-06-19	3a2 (global)
EPI_ISL_9140594|B/South_Africa/R13429/2021|2021-09-07	3a2 (global)
EPI_ISL_8808690|B/Qatar/10-VI-21-4125763/2021|2021-08-16	3a2 (global)
EPI_ISL_6343335|B/Singapore/WUH7103/2021|2021-07-05	3a2 (global)
EPI_ISL_8376934|B/Singapore/SAR56916/2021|2021-10-03	3a2 (global)
EPI_ISL_2448016|B/Saudi_Arabia/2455317608/2020|2020-12-04	3a2 (global)
EPI_ISL_4539772|B/Bangladesh/2124/2021|2021-06-13	3a2 (global)
EPI_ISL_4005798|B/Qatar/11-VI-21-2542617/2021|2021-05-29	3a2 (global)
EPI_ISL_8640766|B/Singapore/INFTT0004/2021|2021-09-07	3a2 (global)
EPI_ISL_9526310|B/Bangladesh/1392/2021|2021-09-06	3a2 (global)
EPI_ISL_979900|B/Jiangxi-Guixi/111/2021|2021-01-04	3a1
EPI_ISL_3722768|B/Hubei-Chongyang/286/2021|2021-05-24	3a1
EPI_ISL_7189177|B/Hainan-Meilan/1751/2021|2021-09-22	3a1
EPI_ISL_401658|B/Muscat/6666/2019|2019-10-21	3a1
EPI_ISL_979922|B/Jiangxi-Donghu/119/2021|2021-01-05	3a1
EPI_ISL_2695979|B/Jiangxi-Zhanggong/1346/2021|2021-04-05	3a1
EPI_ISL_2696122|B/Henan-Jinshui/166/2021|2021-01-25	3a1
EPI_ISL_2696247|B/Guizhou-Douyun/164/2021|2021-01-18	3a1
EPI_ISL_2696152|B/Hubei-Xianan/1164/2021|2021-02-20	3a1
EPI_ISL_768572|B/Jiangxi-Yushui/389/2020|2020-12-07	3a1
EPI_ISL_3722794|B/Ningxia-Zhongning/1353/2021|2021-06-02	3a1
EPI_ISL_4169503|B/Yunnan-Chuxiong/1928/2021|2021-07-22	3a1
EPI_ISL_3722705|B/Fujian-Meilie/1540/2021|2021-05-26	3a1
EPI_ISL_4169552|B/Qinghai-Chengdong/1548/2021|2021-05-25	3a1
EPI_ISL_2696007|B/Neimenggu-Dongsheng/1277/2021|2021-04-05	3a1
EPI_ISL_3722777|B/Fujian-Yanping/11232/2021|2021-05-26	3a1
EPI_ISL_979871|B/Jiangxi-Yuanzhou/12190/2020|2020-12-28	3a1
EPI_ISL_9849544|B/Hainan-Wenchang/11023/2021|2021-10-18	3a1
EPI_ISL_768589|B/Jiangxi-Donghu/11366/2020|2020-08-26	3a1
EPI_ISL_2696005|B/Neimenggu-Dongsheng/1276/2021|2021-04-05	3a1
EPI_ISL_979823|B/Henan-Weidong/1578/2020|2020-12-07	3a1
EPI_ISL_4520744|B/Hunan-Lusong/1746/2021|2021-08-02	3a1
EPI_ISL_4520748|B/Hunan-Kaifu/1602/2021|2021-08-03	3a1
EPI_ISL_7189216|B/Sichuan-Santai/1785/2021|2021-09-13	3a1
EPI_ISL_2696186|B/Guizhou-Kaili/17/2021|2021-01-04	3a1
EPI_ISL_979851|B/Jiangxi-Yuanzhou/12159/2020|2020-12-22	3a1
EPI_ISL_9849566|B/Sichuan-Shunqing/1946/2021|2021-12-02	3a1
EPI_ISL_2696114|B/Jiangxi-Donghu/1201/2021|2021-02-04	3a1
EPI_ISL_979807|B/Guizhou-Majiang/31/2020|2020-11-09	3a1
EPI_ISL_2695994|B/Hubei-Xianan/1346/2021|2021-03-22	3a1
EPI_ISL_2696183|B/Henan-Zhongyuan/1112/2021|2021-02-07	3a1
EPI_ISL_2696121|B/Henan-Luolong/156/2021|2021-01-18	3a1
EPI_ISL_7189218|B/Hainan-Lingao/39/2021|2021-09-17	3a1
EPI_ISL_3722787|B/Sichuan-Fucheng/1882/2021|2021-05-24	3a1
EPI_ISL_2696233|B/Guizhou-Douyun/170/2021|2021-01-18	3a1
EPI_ISL_2696236|B/Guizhou-Douyun/179/2021|2021-01-19	3a1
EPI_ISL_2107815|B/Yekaterinburg/3292V/2020|2020-12-22	3a1
EPI_ISL_2696029|B/Guangdong-Zhongshan/1225/2021|2021-03-16	3a1
EPI_ISL_4520722|B/Guangxi-Jinchengjiang/1751/2021|2021-08-01	3a1
EPI_ISL_4169527|B/Hebei-Luquan/1628/2021|2021-06-22	3a1
EPI_ISL_9849589|B/Guangxi-Jinchengjiang/1951/2021|2021-11-08	3a1
EPI_ISL_768590|B/Jiangxi-Donghu/11264/2020|2020-08-11	3a1
EPI_ISL_3856720|B/Henan-Shanyang/37/2021|2021-03-29	3a1
EPI_ISL_768579|B/Jiangxi-Yushui/3103/2020|2020-12-10	3a1
EPI_ISL_3722766|B/Sichuan-Gaoxin/1591/2021|2021-05-24	3a1
EPI_ISL_768552|B/Guizhou-Douyun/11021/2020|2020-12-03	3a1
EPI_ISL_7745696|B/Guangdong-Dongwanbendi/1776/2021|2021-09-29	3a1
EPI_ISL_979837|B/Guizhou-Kaili/11069/2020|2020-12-14	3a1
EPI_ISL_410559|B/Jiangxi-Xinzhou/1974/2019|2019-12-12	3a1
EPI_ISL_3722793|B/Ningxia-Zhongning/1346/2021|2021-05-26	3a1
EPI_ISL_2696060|B/Guangdong-Yuncheng/1502/2021|2021-03-29	3a1
EPI_ISL_4169551|B/Guizhou-Bijiang/1499/2021|2021-06-23	3a1
EPI_ISL_9849539|B/Fujian-Sanyuan/113/2022|2022-01-04	3a1
EPI_ISL_3722780|B/Ningxia-Zhongning/1350/2021|2021-06-02	3a1
EPI_ISL_4169474|B/Hainan-Xiuying/1588/2021|2021-07-14	3a1
EPI_ISL_979926|B/Jiangxi-Jizhou/110/2021|2021-01-06	3a1
EPI_ISL_2696242|B/Guizhou-Douyun/153/2021|2021-01-12	3a1
EPI_ISL_979840|B/Guizhou-Douyun/11062/2020|2020-12-16	3a1
EPI_ISL_3722789|B/Hubei-Yuanan/2101/2021|2021-06-07	3a1
EPI_ISL_7745693|B/Sichuan-Santai/335/2021|2021-10-20	3a1
EPI_ISL_4520781|B/Guangxi-Haicheng/1566/2021|2021-07-11	3a1
EPI_ISL_2696075|B/Shaanxi-Zhenan/388/2021|2021-03-19	3a1
EPI_ISL_2695892|B/Guizhou-Kaili/1221/2021|2021-03-15	3a1
EPI_ISL_2696181|B/Henan-Luolong/174/2021|2021-01-25	3a1
EPI_ISL_2696265|B/Guizhou-Huichuan/125/2021|2021-01-11	3a1
EPI_ISL_979858|B/Jiangxi-Donghu/12100/2020|2020-12-23	3a1
EPI_ISL_4169534|B/Guangdong-Futian/1748/2021|2021-07-07	3a1
EPI_ISL_979941|B/Jiangxi-Guixi/146/2021|2021-01-11	3a1
EPI_ISL_3722773|B/Guizhou-Songtaomiaozuzizhi/328/2021|2021-05-28	3a1
EPI_ISL_2695964|B/Hubei-Wujiagang/1411/2021|2021-04-15	3a1
EPI_ISL_979888|B/Jiangxi-Donghu/12128/2020|2020-12-30	3a1
EPI_ISL_2696054|B/Guizhou-Huichuan/1251/2021|2021-03-29	3a1
EPI_ISL_2696234|B/Guizhou-Douyun/174/2021|2021-01-19	3a1
EPI_ISL_979862|B/Jiangxi-Jizhou/11118/2020|2020-12-23	3a1
EPI_ISL_979863|B/Guizhou-Huichuan/11042/2020|2020-12-28	3a1
EPI_ISL_2695953|B/Shanghai-Huangpu/1210/2021|2021-02-21	3a1
EPI_ISL_979865|B/Jiangxi-Qingyunpu/310/2020|2020-12-28	3a1
EPI_ISL_2696213|B/Jiangxi-Donghu/1166/2021|2021-01-28	3a1
EPI_ISL_2696219|B/Jiangxi-Donghu/1119/2021|2021-01-19	3a1
EPI_ISL_2695936|B/Ningxia-Shapotou/1174/2021|2021-03-02	3a1
EPI_ISL_2696140|B/Hubei-Echeng/1322/2021|2021-02-18	3a1
EPI_ISL_4520736|B/Guangxi-Yuzhou/1901/2021|2021-08-05	3a1
EPI_ISL_2696251|B/Jiangxi-Donghu/38/2021|2021-01-13	3a1
EPI_ISL_4520698|B/Guangxi-Jinchengjiang/1776/2021|2021-08-09	3a1
EPI_ISL_3722685|B/Tianjin-Jinnan/1305/2021|2021-06-01	3a1
EPI_ISL_4520774|B/Jiangxi-Xunyang/1671/2021|2021-08-01	3a1
EPI_ISL_4169541|B/Fujian-Tongan/1660/2021|2021-07-05	3a1
EPI_ISL_2696266|B/Guizhou-Douyun/11092/2020|2020-12-23	3a1
EPI_ISL_9849564|B/Jiangsu-Liyang/315/2021|2021-12-08	3a1
EPI_ISL_2696161|B/Shandong-Ningjin/31/2021|2021-02-01	3a1
EPI_ISL_768585|B/Jiangxi-Yushui/3118/2020|2020-12-11	3a1
EPI_ISL_2696232|B/Guizhou-Douyun/163/2021|2021-01-18	3a1
EPI_ISL_2695989|B/Hunan-Yanfeng/1309/2021|2021-04-20	3a1
EPI_ISL_2696179|B/Hunan-Yuhua/1170/2021|2021-02-02	3a1
EPI_ISL_7189150|B/Sichuan-Guangan/1890/2021|2021-10-08	3a1
EPI_ISL_768567|B/Jiangxi-Yushui/383/2020|2020-11-30	3a1
EPI_ISL_2696221|B/Guizhou-Douyun/141/2021|2021-01-11	3a1
EPI_ISL_979817|B/Jiangxi-Yushui/380/2020|2020-11-30	3a1
EPI_ISL_4169556|B/Yunnan-Honghe/31/2021|2021-07-06	3a1
EPI_ISL_979872|B/Jiangxi-Yuanzhou/12188/2020|2020-12-28	3a1
EPI_ISL_2696086|B/Hunan-Yuhua/1494/2021|2021-04-01	3a1
EPI_ISL_3722748|B/Shandong-Dingtao/321/2021|2021-05-13	3a1
EPI_ISL_2107813|B/Yekaterinburg/3291V/2020|2020-12-25	3a1
EPI_ISL_2696138|B/Heilongjiang-Aimin/150/2021|2021-01-19	3a1
EPI_ISL_2696044|B/Shanxi-Xinghualing/1365/2021|2021-03-17	3a1
EPI_ISL_9849585|B/Yunnan-Wenshan/1850/2021|2021-11-01	3a1
EPI_ISL_2696143|B/Zhejiang-Nanhu/1177/2021|2021-02-24	3a1
EPI_ISL_4169557|B/Chongqing-Yuzhong/1713/2021|2021-07-21	3a1
EPI_ISL_4169578|B/Jiangxi-Zhushan/1663/2021|2021-07-06	3a1
EPI_ISL_768557|B/Jiangxi-Yushui/373/2020|2020-11-30	3a1
EPI_ISL_979877|B/Guangxi-Hengxian/310/2020|2020-12-29	3a1
EPI_ISL_2695918|B/Shanghai-Changning/1249/2021|2021-03-09	3a1
EPI_ISL_4169562|B/Guangxi-Jinchengjiang/1670/2021|2021-07-15	3a1
EPI_ISL_768581|B/Jiangxi-Yushui/3107/2020|2020-12-10	3a1
EPI_ISL_3722703|B/Neimenggu-Xincheng/1370/2021|2021-06-08	3a1
EPI_ISL_3722701|B/Shanxi-Chengqu/1390/2021|2021-06-02	3a1
EPI_ISL_979910|B/Guizhou-Douyun/15/2021|2021-01-05	3a1
EPI_ISL_2696002|B/Hubei-Wujiagang/1375/2021|2021-04-01	3a1
EPI_ISL_2696176|B/Hunan-Tongdaodongzuzizhi/33/2021|2021-01-19	3a1
EPI_ISL_4169536|B/Neimenggu-Xincheng/1358/2021|2021-06-08	3a1
EPI_ISL_2696188|B/Hubei-Xianan/180/2021|2021-01-25	3a1
EPI_ISL_2696151|B/Hubei-Xianan/1167/2021|2021-02-21	3a1
EPI_ISL_517736|B/Moscow/40/2020|2020-02-27	3a1
EPI_ISL_4520721|B/Shanghai-Songjiang/1639/2021|2021-08-13	3a1
EPI_ISL_979943|B/Hubei-Qiaokou/124/2021|2021-01-11	3a1
EPI_ISL_3722692|B/Hebei-Luquan/1578/2021|2021-06-08	3a1
EPI_ISL_2695999|B/Qinghai-Yushu/1146/2021|2021-03-31	3a1
EPI_ISL_2696173|B/Hunan-Tongdaodongzuzizhi/36/2021|2021-01-19	3a1
EPI_ISL_2696102|B/Jiangxi-Xinzhou/1157/2021|2021-02-21	3a1
EPI_ISL_9849595|B/Hubei-Xiangcheng/11037/2021|2021-11-02	3a1
EPI_ISL_2696105|B/Jiangxi-Guixi/1212/2021|2021-03-01	3a1
EPI_ISL_2696204|B/Jiangxi-Jizhou/180/2021|2021-01-18	3a1
EPI_ISL_2696031|B/Jiangxi-Yuehu/1292/2021|2021-03-16	3a1
EPI_ISL_979827|B/Jiangxi-Yuanzhou/12059/2020|2020-12-08	3a1
EPI_ISL_2696085|B/Qinghai-Chengdong/1374/2021|2021-04-01	3a1
EPI_ISL_2695952|B/Hubei-Jiangan/1224/2021|2021-02-22	3a1
EPI_ISL_2696028|B/Ningxia-Shapotou/1214/2021|2021-03-16	3a1
EPI_ISL_2696165|B/Fujian-Sanyuan/2205/2021|2021-02-09	3a1
EPI_ISL_2696244|B/Guizhou-Douyun/157/2021|2021-01-12	3a1
EPI_ISL_4169581|B/Chongqing-Fuling/1461/2021|2021-07-08	3a1
EPI_ISL_2696027|B/Hunan-Tianyuan/338/2021|2021-03-16	3a1
EPI_ISL_2696113|B/Jiangxi-Donghu/1293/2021|2021-02-17	3a1
EPI_ISL_7745688|B/Hunan-Lusong/11054/2021|2021-11-01	3a1
EPI_ISL_2696150|B/Hubei-Xianan/1174/2021|2021-02-22	3a1
EPI_ISL_979916|B/Jiangxi-Anyi/37/2021|2021-01-05	3a1
EPI_ISL_2696182|B/Henan-Luolong/169/2021|2021-01-25	3a1
EPI_ISL_979848|B/Guizhou-Kaili/11102/2020|2020-12-22	3a1
EPI_ISL_2695927|B/Guangdong-Zhenjiang/1173/2021|2021-03-03	3a1
EPI_ISL_2696224|B/Guizhou-Douyun/120/2021|2021-01-05	3a1
EPI_ISL_2695916|B/Guangdong-Zhenjiang/1193/2021|2021-03-10	3a1
EPI_ISL_979948|B/Jiangxi-Donghu/166/2021|2021-01-13	3a1
EPI_ISL_979933|B/Jiangxi-Donghu/126/2021|2021-01-06	3a1
EPI_ISL_4169467|B/Sichuan-Wenjiang/2160/2021|2021-08-02	3a1
EPI_ISL_7189217|B/Hainan-Xiuying/1719/2021|2021-09-22	3a1
EPI_ISL_2695955|B/Guangdong-Chikan/8137/2021|2021-04-12	3a1
EPI_ISL_979937|B/Jiangxi-Guixi/138/2021|2021-01-11	3a1
EPI_ISL_2696260|B/Jiangxi-Yushui/346/2021|2021-01-13	3a1
EPI_ISL_416007|B/Mali/187/2019|2019-11-19	3a1
EPI_ISL_2696166|B/Fujian-Meilie/1145/2021|2021-02-07	3a1
EPI_ISL_2696235|B/Guizhou-Douyun/175/2021|2021-01-19	3a1
EPI_ISL_979838|B/Guizhou-Douyun/11054/2020|2020-12-15	3a1
EPI_ISL_7189147|B/Hunan-Tianyuan/11050/2021|2021-10-18	3a1
EPI_ISL_2696223|B/Guizhou-Douyun/112/2021|2021-01-05	3a1
EPI_ISL_2696180|B/Hunan-Kaifu/162/2021|2021-01-25	3a1
EPI_ISL_979918|B/Jiangxi-Donghu/114/2021|2021-01-05	3a1
EPI_ISL_3722753|B/Hubei-Chongyang/215/2021|2021-04-26	3a1
EPI_ISL_9849543|B/Guangdong-Chikan/1986/2021|2021-12-06	3a1
EPI_ISL_3722747|B/Guizhou-Bijiang/1379/2021|2021-05-10	3a1
EPI_ISL_2695920|B/Guizhou-Kaili/1212/2021|2021-03-08	3a1
EPI_ISL_2695907|B/Hunan-Yuhua/1404/2021|2021-03-15	3a1
EPI_ISL_2696174|B/Hunan-Tongdaodongzuzizhi/35/2021|2021-01-19	3a1
EPI_ISL_979883|B/Jiangxi-Guixi/11160/2020|2020-12-29	3a1
EPI_ISL_7189122|B/Fujian-Yanping/12286/2021|2021-10-08	3a1
EPI_ISL_979843|B/Guizhou-Kaili/11090/2020|2020-12-21	3a1
EPI_ISL_7189183|B/Guangdong-Xiangzhou/11448/2021|2021-09-07	3a1
EPI_ISL_979940|B/Jiangxi-Guixi/145/2021|2021-01-11	3a1
EPI_ISL_768565|B/Jiangxi-Yushui/11104/2020|2020-12-08	3a1
EPI_ISL_2695995|B/Neimenggu-Dongsheng/1233/2021|2021-03-23	3a1
EPI_ISL_9849529|B/Sichuan-Chuanshan/112/2022|2022-01-06	3a1
EPI_ISL_2696030|B/Jiangxi-Donghu/1468/2021|2021-03-16	3a1
EPI_ISL_2695921|B/Guangdong-Zhenjiang/1184/2021|2021-03-08	3a1
EPI_ISL_2844835|B/Shanghai-Fengxian/1174/2021|2021-02-27	3a1
EPI_ISL_7189201|B/Zhejiang-Dinghai/1932/2021|2021-09-01	3a1
EPI_ISL_7745723|B/Guangdong-Maonan/314-1/2021|2021-11-01	3a1
EPI_ISL_9849596|B/Henan-Ruyang/1520/2021|2021-11-08	3a1
EPI_ISL_7189123|B/Hainan-Xiuying/1700/2021|2021-09-15	3a1
EPI_ISL_4520753|B/Fujian-Tongan/1757/2021|2021-08-02	3a1
EPI_ISL_4169553|B/Sichuan-Jingyang/11550/2021|2021-05-25	3a1
EPI_ISL_2696189|B/Guizhou-Douyun/137/2021|2021-01-11	3a1
EPI_ISL_2695971|B/Jiangxi-Donghu/1751/2021|2021-04-21	3a1
EPI_ISL_2696259|B/Jiangxi-Yushui/345/2021|2021-01-13	3a1
EPI_ISL_2696097|B/Shandong-Tianqiao/179/2021|2021-02-04	3a1
EPI_ISL_979806|B/Jiangxi-Yushui/343/2020|2020-10-26	3a1
EPI_ISL_979847|B/Guizhou-Kaili/11104/2020|2020-12-22	3a1
EPI_ISL_2696061|B/Qinghai-Yushu/1170/2021|2021-03-29	3a1
EPI_ISL_768548|B/Jiangxi-Donghu/11421/2020|2020-09-08	3a1
EPI_ISL_2696110|B/Jiangxi-Zhushan/1161/2021|2021-02-26	3a1
EPI_ISL_2696239|B/Guizhou-Douyun/143/2021|2021-01-11	3a1
EPI_ISL_979951|B/Jiangxi-Donghu/175/2021|2021-01-13	3a1
EPI_ISL_768553|B/Jiangxi-Yushui/340/2020|2020-10-26	3a1
EPI_ISL_979874|B/Guangxi-Hengxian/38/2020|2020-12-29	3a1
EPI_ISL_979816|B/Jiangxi-Yushui/376/2020|2020-11-30	3a1
EPI_ISL_2696087|B/Qinghai-Yushu/1158/2021|2021-04-02	3a1
EPI_ISL_979835|B/Guizhou-Kaili/11077/2020|2020-12-14	3a1
EPI_ISL_7189143|B/Guangxi-Wanxiu/2190/2021|2021-09-23	3a1
EPI_ISL_768550|B/Jiangxi-Zhushan/1769/2020|2020-09-30	3a1
EPI_ISL_7189120|B/Guangxi-Longan/31/2021|2021-09-06	3a1
EPI_ISL_979868|B/Guizhou-Douyun/11102/2020|2020-12-28	3a1
EPI_ISL_2696192|B/Hunan-Kaifu/126/2021|2021-01-12	3a1
EPI_ISL_768556|B/Jiangxi-Yushui/366/2020|2020-11-30	3a1
EPI_ISL_2696175|B/Hunan-Tongdaodongzuzizhi/34/2021|2021-01-19	3a1
EPI_ISL_2695993|B/Qinghai-Yushu/194/2021|2021-03-20	3a1
EPI_ISL_979912|B/Guizhou-Douyun/18/2021|2021-01-05	3a1
EPI_ISL_3722797|B/Ningxia-Zhongning/1332/2021|2021-05-10	3a1
EPI_ISL_3722762|B/Neimenggu-Donghe/1394/2021|2021-05-10	3a1
EPI_ISL_9849521|B/Zhejiang-Kecheng/11183/2021|2021-12-08	3a1
EPI_ISL_4169565|B/Hebei-Cixian/1644/2021|2021-07-14	3a1
EPI_ISL_2696129|B/Jiangxi-Yushui/1133/2021|2021-02-02	3a1
EPI_ISL_3722736|B/Gansu-Linxia/1430/2021|2021-03-30	3a1
EPI_ISL_2695946|B/Henan-Beiguan/1165/2021|2021-02-24	3a1
EPI_ISL_2696080|B/Guangxi-Chengzhong/1368/2021|2021-03-24	3a1
EPI_ISL_979892|B/Henan-Jinshui/16/2021|2021-01-04	3a1
EPI_ISL_2695991|B/Hunan-Jingzhoumiaozudongzuzizhi/35/2021|2021-04-22	3a1
EPI_ISL_3722760|B/Henan-Zhongyuan/1291/2021|2021-05-10	3a1
EPI_ISL_2696089|B/Hunan-Wuling/11214/2021|2021-04-06	3a1
EPI_ISL_2696000|B/Neimenggu-Donghe/1323/2021|2021-03-31	3a1
EPI_ISL_9849551|B/Shandong-Bincheng/1830/2021|2021-12-14	3a1
EPI_ISL_2696077|B/Jiangxi-Xinzhou/1288/2021|2021-03-23	3a1
EPI_ISL_2695983|B/Zhejiang-Kecheng/1343/2021|2021-04-12	3a1
EPI_ISL_2696018|B/Sichuan-Qingyang/1885/2021|2021-04-12	3a1
EPI_ISL_979828|B/Jiangxi-Yuanzhou/12055/2020|2020-12-08	3a1
EPI_ISL_4169526|B/Hunan-Kaifu/1433/2021|2021-06-01	3a1
EPI_ISL_2696155|B/Shandong-Ningjin/310/2021|2021-02-03	3a1
EPI_ISL_979882|B/Jiangxi-Guixi/11159/2020|2020-12-29	3a1
EPI_ISL_2695984|B/Henan-Dengfeng/311/2021|2021-04-14	3a1
EPI_ISL_2696135|B/Hunan-Tianyuan/1130/2021|2021-02-01	3a1
EPI_ISL_3722746|B/Hubei-Qiaokou/1334/2021|2021-05-10	3a1
EPI_ISL_768576|B/Jiangxi-Yushui/395/2020|2020-12-09	3a1
EPI_ISL_4520710|B/Hubei-Maojian/11727/2021|2021-09-01	3a1
EPI_ISL_979850|B/Jiangxi-Yuanzhou/12160/2020|2020-12-22	3a1
EPI_ISL_2696246|B/Guizhou-Douyun/165/2021|2021-01-18	3a1
EPI_ISL_3535257|B/Sichuan-Jingyang/12048/2019|2019-11-26	3a1
EPI_ISL_768560|B/Jiangxi-Yushui/378/2020|2020-11-30	3a1
EPI_ISL_2695941|B/Guizhou-Huichuan/1175/2021|2021-03-01	3a1
EPI_ISL_979917|B/Jiangxi-Yuanzhou/119/2021|2021-01-05	3a1
EPI_ISL_389249|B/Oman/4504/2019|2019-07-17	3a1
EPI_ISL_979947|B/Jiangxi-Zhanggong/132/2021|2021-01-12	3a1
EPI_ISL_768549|B/Jiangxi-Donghu/11572/2020|2020-09-29	3a1
EPI_ISL_7189181|B/Zhejiang-Yuecheng/11058/2021|2021-09-01	3a1
EPI_ISL_3722711|B/Guangdong-Xiangzhou/8244/2021|2021-06-15	3a1